,protein_group,protein,length,A count_all_viruses,C count_all_viruses,D count_all_viruses,E count_all_viruses,F count_all_viruses,G count_all_viruses,H count_all_viruses,I count_all_viruses,K count_all_viruses,L count_all_viruses,M count_all_viruses,N count_all_viruses,P count_all_viruses,Q count_all_viruses,R count_all_viruses,S count_all_viruses,T count_all_viruses,V count_all_viruses,W count_all_viruses,Y count_all_viruses,average basicity,average hydrophobicity,average helicity,average mutation stability,mass,pI,label
0,bzlf1_p03206_q1hvg1_q3kss8,p03206,245,28,5,14,12,8.0,10,3.0,5.0,9.0,20,3,9.0,29,25.0,12,15,12,17,2.0,7.0,212.4604081632653,-0.9002857142857142,1.0180408163265307,18.13469387755102,26843.411794683692,5.02783203125,immediate-early
1,bmrf1_p03191_p0c6z0_q3ksu3,p03191,404,47,6,12,21,10.0,24,10.0,9.0,21.0,40,6,10.0,37,21.0,21,38,25,32,3.0,11.0,212.37252475247524,-0.762920792079208,1.044480198019802,18.532178217821784,43346.43955468374,9.34814453125,early
2,bglf4_p0c6z8_p0c731_p13288,p0c731,429,25,15,32,18,20.0,29,17.0,13.0,19.0,53,15,12.0,24,15.0,21,32,22,23,4.0,20.0,212.38088578088573,-0.29354312354312356,1.0542657342657342,20.235431235431236,48319.671024683754,5.89599609375,late
3,brlf1_p03209_q1hvg0_q3kss7,p03209,605,52,12,32,46,20.0,33,17.0,24.0,31.0,55,17,19.0,53,16.0,39,55,36,33,5.0,10.0,212.95454545454547,-0.7723636363636364,1.030809917355372,18.239669421487605,66552.4804946838,6.11474609375,immediate-early
4,bcrf1_p03180_p0c6z6_p0cap9_p25215,p03180,170,10,6,10,16,10.0,6,2.0,7.0,13.0,23,6,9.0,5,10.0,11,6,6,8,0.0,6.0,213.41882352941175,-0.12288235294117651,1.0531176470588235,19.676470588235293,19901.07124468369,5.67724609375,late
5,bglf3_p03220,p03220,332,28,12,22,24,11.0,17,6.0,10.0,10.0,42,11,10.0,25,14.0,19,15,15,19,8.0,14.0,212.56234939759034,-0.1280120481927711,1.045210843373494,20.44578313253012,37683.51771468372,4.50830078125,late
6,bhrf1_p03182_p0c6z1_p0c736,p03182,191,10,6,8,14,8.0,12,9.0,11.0,0.0,27,4,6.0,6,3.0,16,15,14,11,6.0,5.0,213.065445026178,0.1780628272251309,1.07717277486911,20.413612565445025,21879.000444683687,5.78662109375,early
7,lmp1_p03230_p0c741_p13198_p29362_q1hvb3,p03230,386,16,4,42,9,12.0,46,19.0,21.0,1.0,73,7,16.0,36,15.0,9,22,12,8,10.0,8.0,211.14818652849738,-0.30787564766839404,1.0563730569948186,20.88082901554404,41955.8620446838,3.87255859375,early
8,bnlf2a_p0c737_p0c738_p0c739,p0c739,60,2,4,2,4,1.0,3,2.0,1.0,0.0,15,1,0.0,5,2.0,4,6,2,6,0.0,0.0,212.04166666666666,0.3641666666666665,1.0591666666666668,22.416666666666668,6535.465244683701,5.32177734375,early
9,bfrf3_p14348_scp,p14348,176,33,1,6,5,6.0,15,3.0,2.0,5.0,12,1,4.0,12,14.0,14,20,11,9,0.0,3.0,212.0988636363636,-1.0872159090909088,1.0606250000000002,17.113636363636363,18136.231454683675,10.80419921875,late
10,bclf1_mcp_p03226_p0c703_p0c704,p0c703,1381,133,18,67,79,71.0,77,47.0,62.0,41.0,121,44,65.0,72,53.0,82,86,84,119,4.0,56.0,212.5905865314989,-0.2671687183200579,1.0718247646632875,18.034033309196236,153833.36654468457,6.06689453125,late
11,bplf1_p03186_q1hvh9_q3ksu8,p03186,3149,412,17,154,197,82.0,198,53.0,108.0,93.0,332,42,73.0,338,145.0,205,261,188,144,29.0,78.0,212.4587488091457,-0.78,1.0385042870752619,18.1603683709114,337751.097154684,5.49951171875,late
12,barf1_p03228_p0c6n0_p0c701_p0cap6_p0cap7_p0cw72,p03228,221,16,4,7,15,12.0,16,10.0,7.0,9.0,22,5,6.0,13,7.0,9,16,13,25,5.0,4.0,212.29321266968321,-0.19266968325791858,1.069864253393665,19.67873303167421,24455.472674683675,6.20361328125,early
13,balf2_dbp_p03227_q1hvb8_q3ksn9,p03227,1128,109,29,50,61,46.0,91,20.0,37.0,42.0,112,19,47.0,69,47.0,64,83,63,82,8.0,49.0,212.11081560283688,-0.43149822695035467,1.060150709219858,19.354609929078013,123043.71959468449,6.46337890625,early
14,bglf5_p03217_q1hve7_q3ksr5,p03217,470,26,13,35,25,26.0,30,4.0,26.0,22.0,39,10,17.0,31,12.0,29,40,26,35,5.0,19.0,212.43765957446809,-0.3352978723404256,1.0489787234042554,19.26595744680851,52633.234134683844,4.99365234375,early
15,ebna2_p12978_q3ksv2_q69022,p12978,487,18,2,23,15,5.0,30,14.0,15.0,6.0,40,10,12.0,135,28.0,29,39,32,18,7.0,9.0,213.28275154004106,-1.7631211498973307,0.9371868583162218,18.320328542094455,52511.70558468377,6.57275390625,early
16,ebna1_p03211_q1hvf7_q3kss4,p03211,641,103,6,23,25,12.0,251,8.0,8.0,12.0,15,5,6.0,41,11.0,50,27,15,15,3.0,5.0,209.60000000000002,-1.910826833073323,1.0766302652106083,20.622464898595943,56393.807774683846,10.23681640625,early
17,bllf1_p03200_p68343_p68344,p03200,907,65,11,31,30,24.0,62,17.0,28.0,25.0,55,13,52.0,99,25.0,18,103,163,58,8.0,20.0,211.38401323042999,-1.0632414553472989,1.0322932745314222,16.934950385887543,94373.16769468471,5.23974609375,late
18,bmlf1_bslf2_q04360_q1hvh2_q3ksu1,q04360,479,41,11,22,34,13.0,20,13.0,18.0,21.0,46,7,15.0,39,16.0,43,46,34,24,5.0,11.0,213.58893528183714,-0.7893528183716075,1.0287265135699373,18.402922755741127,53458.23181468373,8.50732421875,early
19,bdlf3_p03224,p03224,234,25,1,4,5,4.0,14,1.0,10.0,7.0,21,6,11.0,13,3.0,5,28,57,15,2.0,2.0,210.91752136752135,-0.5280769230769232,1.085,16.21794871794872,23776.18015468368,9.70361328125,late
20,balf4_p03188_p0c762_p0c763,p03188,857,62,11,40,45,39.0,54,14.0,41.0,33.0,72,19,42.0,42,45.0,57,64,82,57,7.0,31.0,212.73920653442238,-0.4771411901983664,1.0617852975495916,17.976662777129523,95579.2557646841,8.05615234375,late
21,blrf2_p03197_p0c717_q3kst5,p0c717,162,17,1,6,11,0.0,9,0.0,5.0,11.0,11,8,6.0,12,9.0,19,16,9,12,0.0,0.0,214.07407407407408,-1.1672222222222222,1.0314814814814817,16.061728395061728,17676.288864683684,11.37841796875,late
22,bsrf1_p0ck49_p0ck50_p0ck62,p0ck49,218,23,4,10,19,6.0,12,2.0,7.0,6.0,23,7,6.0,18,9.0,12,16,10,20,5.0,3.0,212.23532110091745,-0.27853211009174317,1.051559633027523,18.793577981651374,23846.03207468367,4.42626953125,late
23,bdlf4_p0ck56_p0ck57,p0ck56,225,11,9,9,16,9.0,15,9.0,8.0,9.0,23,6,6.0,12,9.0,12,18,12,19,4.0,9.0,212.64577777777777,-0.2602222222222222,1.0519111111111112,20.213333333333335,25431.563544683686,6.12841796875,late
24,bglf2_p0ck53_p0ck54_p0ck55,p0ck53,336,26,12,12,13,13.0,21,7.0,10.0,14.0,34,13,15.0,26,9.0,13,17,32,32,4.0,13.0,211.9973214285714,-0.18059523809523811,1.0610416666666667,19.696428571428573,36863.52674468369,7.52294921875,late
25,bblf2_p30118,p30118,522,48,8,31,32,18.0,51,12.0,16.0,6.0,56,5,7.0,41,20.0,44,33,32,36,12.0,14.0,212.59999999999997,-0.4736973180076629,1.0540804597701148,19.796934865900383,57107.88863468379,5.32861328125,early
26,borf2_p03190_p0c702_q3ksu5,p03190,826,74,26,43,60,44.0,54,20.0,24.0,28.0,86,20,21.0,38,32.0,58,63,40,49,12.0,34.0,212.69019370460046,-0.23669491525423728,1.0595883777239707,19.900726392251816,92970.79929468413,5.61572265625,early
27,bflf2_p0ck47_p0ck48,p0ck47,318,19,12,12,16,14.0,18,15.0,18.0,13.0,36,5,13.0,17,10.0,22,33,16,21,0.0,8.0,212.90849056603773,-0.4130188679245283,1.054874213836478,19.19182389937107,35338.06284468369,8.30224609375,early
28,bfrf1_p03185,p03185,336,22,8,16,21,14.0,25,11.0,9.0,12.0,33,9,9.0,17,10.0,29,33,18,26,7.0,7.0,213.14136904761904,-0.47068452380952375,1.0545833333333334,19.4375,37607.896284683695,8.15869140625,early
29,btrf1_p0c734_p30119_q1hvd3,p0c734,404,32,5,11,22,16.0,18,8.0,30.0,20.0,47,10,22.0,36,15.0,19,31,22,31,0.0,9.0,212.4905940594059,-0.31210396039603966,1.0578960396039603,18.06930693069307,44315.58237468374,9.04736328125,late
30,lmp2_p0c729_p13285_q1hvj2,p13285,497,48,15,14,15,19.0,42,3.0,23.0,3.0,94,13,15.0,34,10.0,17,40,32,33,9.0,18.0,210.7784708249497,0.47881287726358135,1.0982897384305834,21.380281690140844,52976.630494683865,4.59033203125,early
31,bdlf1_p25214,p25214,301,18,4,18,13,8.0,16,10.0,13.0,7.0,47,14,9.0,16,13.0,13,22,16,29,2.0,13.0,212.04451827242522,0.13026578073089704,1.0835548172757474,19.07308970099668,33602.24865468371,5.11669921875,late
32,bnrf1_p03179_q1hvj0_q3ksv4,p03179,1318,128,25,55,71,53.0,126,34.0,38.0,23.0,153,31,42.0,91,59.0,87,91,69,92,18.0,32.0,212.17610015174506,-0.3823065250379363,1.0651138088012138,19.503034901365705,142753.13286468448,6.10107421875,early
33,borf1_p03187,p03187,364,35,4,15,14,22.0,40,8.0,15.0,6.0,33,5,11.0,22,10.0,27,31,17,34,6.0,9.0,212.0315934065934,-0.27989010989010993,1.0810714285714285,19.49175824175824,39166.112304683724,8.83544921875,late
34,brrf1_p03207_p0c722_p0c723,p03207,310,23,8,18,13,7.0,13,14.0,17.0,15.0,46,8,10.0,13,15.0,17,23,13,18,5.0,14.0,212.80387096774191,-0.10290322580645167,1.0687419354838708,19.816129032258065,35296.18672468371,7.50244140625,early
35,bdlf2_p03225_p0c742_q3ksq7,p03225,420,40,11,16,28,22.0,33,13.0,7.0,13.0,26,15,17.0,32,11.0,29,23,29,39,2.0,14.0,212.7302380952381,-0.5789761904761904,1.049547619047619,18.692857142857143,46138.64179468374,6.68212890625,late
36,blrf1_p03196_p0c6z3_p0c6z4,p03196,102,16,2,3,1,7.0,3,0.0,4.0,4.0,16,2,4.0,5,2.0,1,9,10,7,2.0,4.0,210.57941176470584,0.5717647058823531,1.1143137254901962,20.274509803921568,10936.741054683696,8.10400390625,late
37,bfrf2_p14347,p14347,591,61,28,21,25,25.0,51,13.0,11.0,9.0,62,5,12.0,47,18.0,56,56,22,45,8.0,16.0,212.57275803722501,-0.4351776649746194,1.0491201353637902,20.749576988155667,63936.2064246838,8.47314453125,late
38,bmrf2_p03192_q1hvh3_q3ksu2,p03192,357,35,18,2,9,30.0,18,11.0,20.0,9.0,57,9,5.0,14,4.0,15,30,18,35,6.0,12.0,211.53753501400558,0.9210644257703081,1.1161344537815125,22.240896358543417,39488.84385468369,8.54150390625,early
39,balf1_p0ck58_p0ck59,p0ck58,220,24,3,15,5,9.0,6,6.0,8.0,10.0,29,5,3.0,15,1.0,20,16,10,18,5.0,12.0,213.35136363636357,0.028863636363636307,1.0722272727272726,20.272727272727273,25132.28414468369,9.86767578125,early
40,balf5_p03198_q1hvc1_q3ksp1,p03198,1015,90,29,58,60,48.0,70,27.0,47.0,48.0,105,15,26.0,52,38.0,70,57,49,78,9.0,39.0,212.72305418719208,-0.2559211822660099,1.0633694581280788,19.757635467980297,113345.89900468437,7.07861328125,early
41,bilf1_p03208,p03208,312,22,11,5,7,16.0,21,5.0,19.0,11.0,61,16,9.0,10,5.0,14,21,25,21,6.0,7.0,211.68173076923077,0.8019230769230768,1.1175961538461539,21.493589743589745,34495.460694683716,9.45068359375,late
42,bhlf1_p03181,p03181,660,106,17,14,15,1.0,104,16.0,0.0,0.0,19,1,7.0,146,37.0,92,35,35,7,7.0,1.0,213.62060606060606,-2.272136363636364,0.9626666666666667,18.93030303030303,66204.35717468377,12.44482421875,early
43,bzlf2_p03205_p0c6z5_q1hvg2,p03205,223,12,11,4,9,14.0,13,6.0,6.0,13.0,15,1,11.0,19,7.0,8,12,19,24,6.0,13.0,212.42600896860984,-0.27968609865470856,1.0417937219730942,21.430493273542602,25240.60333468369,8.50732421875,late
44,bblf4_p03214,p03214,809,69,21,38,44,38.0,59,22.0,29.0,25.0,78,19,33.0,39,25.0,52,53,60,62,9.0,34.0,212.4631644004944,-0.2662175525339926,1.0680222496909766,19.326328800988875,89795.82466468398,6.51123046875,early
45,bxrf1_p03232,p03232,248,26,8,7,6,10.0,19,5.0,2.0,12.0,32,2,5.0,20,15.0,25,16,18,15,2.0,3.0,213.3137096774193,-0.6560080645161291,1.0488709677419354,20.322580645161292,27045.379774683686,11.35107421875,late
46,bblf1_p0ck51_p0ck52,p0ck51,75,4,2,6,11,2.0,7,0.0,4.0,3.0,9,1,8.0,2,0.0,4,3,3,2,1.0,3.0,212.29999999999998,-0.4849333333333334,1.0401333333333331,19.093333333333334,8465.0113546837,3.87255859375,early
47,bxlf2_p03231_q1hvd2_q3ksq3,p03231,706,54,13,25,42,33.0,48,19.0,32.0,30.0,99,22,20.0,26,20.0,28,54,49,54,5.0,33.0,211.94745042492917,0.10997167138810199,1.0892634560906516,19.74929178470255,78271.23415468395,6.10107421875,late
48,bbrf3_p03215_q1hve9_q3ksr7,p03215,405,29,9,9,14,30.0,13,7.0,24.0,12.0,49,11,13.0,22,7.0,19,37,25,48,8.0,19.0,212.08222222222219,0.5752839506172839,1.0977037037037036,20.219753086419754,45762.02162468378,8.70556640625,late
49,bkrf3_p12888_ung,p12888,255,22,5,14,10,11.0,18,9.0,11.0,15.0,35,4,10.0,14,12.0,13,17,7,15,9.0,4.0,212.54156862745097,-0.24219607843137264,1.064901960784314,20.701960784313727,28586.854954683688,8.60302734375,early
50,bvrf2_p03234_q1hvc7_q3ksp9,p03234,605,71,10,31,27,17.0,52,24.0,15.0,25.0,55,4,13.0,79,28.0,25,45,33,27,2.0,22.0,212.09471074380164,-1.1186280991735538,1.0203471074380164,18.986776859504133,64062.14309468372,6.31298828125,late
51,bkrf4_p0c724_p30117_q3kss1,p0c724,217,11,1,19,20,2.0,9,3.0,3.0,5.0,8,4,6.0,33,9.0,19,37,13,6,3.0,6.0,213.5400921658986,-1.865437788018433,0.9553456221198157,16.207373271889402,23966.140024683667,4.34423828125,early
52,bslf1_p03193,p03193,874,78,27,36,44,41.0,49,34.0,31.0,23.0,104,13,20.0,55,32.0,73,59,55,62,12.0,26.0,213.12677345537756,-0.22678489702517166,1.0609839816933637,19.975972540045767,97978.28279468426,8.30908203125,early
