,protein_group,protein,length,A count,C count,D count,E count,F count,G count,H count,I count,K count,L count,M count,N count,P count,Q count,R count,S count,T count,V count,W count,Y count,average basicity,average hydrophobicity,average helicity,average mutation stability,mass,pI,label
0,f5hc97_p16790_ul44,p16790,433,18,8,24,18,19,60,12,16.0,31,40,8,26,19,12,18,38,30,25,1.0,10,211.81177829099306,-0.9389376443418014,1.0560508083140878,19.196304849884527,46204.14655468393,8.68505859375,early
1,f5hgq8_ul138,f5hgq8,169,11,4,10,9,5,7,5,7.0,2,18,5,3,8,4,16,18,9,16,3.0,9,213.18284023668636,-0.06751479289940826,1.0664497041420118,19.159763313609467,19296.70000468369,6.57958984375,immediate-early
2,f5hi87_p13200_ul99,p13200,190,8,5,18,13,3,13,6,5.0,19,10,2,4,21,10,13,21,11,6,0.0,2,213.61842105263153,-1.8786315789473687,0.9705789473684209,17.75263157894737,20910.289914683675,7.63232421875,late
3,p06725_p18139_q6sw59_ul83,p06725,561,38,10,28,33,19,36,24,25.0,22,41,16,18,38,31,36,41,37,44,9.0,15,213.0680926916221,-0.6538324420677362,1.0450089126559714,18.254901960784313,62858.42827468384,6.79833984375,immediate-early
4,f5hgt1_mcp_p16729_ul86,p16729,1370,118,25,66,78,63,60,50,58.0,45,152,36,62,79,43,82,70,121,103,8.0,51,212.82175182481754,-0.21316788321167882,1.0666058394160585,18.616788321167885,153774.20730468442,6.30615234375,late
5,p06434_p06435_p19893_q6sw29_q6swp7_ul122,p19893,580,39,13,27,42,14,32,14,26.0,36,43,17,25,53,22,28,64,47,31,1.0,6,212.65862068965518,-1.0593620689655174,1.019206896551724,17.28448275862069,62835.3299646838,6.29248046875,immediate-early
6,f5hcm1_p03169_p13202_ul123,p03169,491,36,14,28,63,13,18,7,24.0,36,35,26,14,27,16,22,38,29,33,1.0,11,212.877800407332,-0.5664154786150714,1.0321995926680243,17.374745417515275,55142.85206468371,4.50146484375,immediate-early
7,f5hf62_p69332_p69333_us28,p69332,354,20,15,15,13,27,7,7,27.0,9,44,8,7,13,9,22,30,24,32,7.0,18,212.52881355932206,0.7111016949152543,1.0919209039548021,20.807909604519775,41037.13234468375,7.59814453125,immediate-early
8,p08546_q6sw77_ul54,p08546,1242,88,32,70,66,60,104,24,48.0,43,94,23,40,72,39,92,102,58,126,8.0,53,212.49001610305962,-0.41245571658615143,1.0592028985507247,19.179549114331724,137014.71420468477,6.92138671875,early
9,b9vxk4_f5hc16_p16812_ul34,b9vxk4,407,39,12,23,35,12,19,21,13.0,15,42,5,14,29,16,32,28,21,23,1.0,7,213.44840294840296,-0.7811547911547911,1.031007371007371,18.44226044226044,45329.69235468374,6.01220703125,late
10,p16782_q6sw87_ul45,p16782,906,76,35,47,64,43,57,21,23.0,27,86,23,21,45,21,77,77,34,85,20.0,24,212.88002207505517,-0.1769315673289183,1.057991169977925,20.13355408388521,101602.50398468434,6.31982421875,late
11,p09727_q6svz5_q8uzk5_us11,p09727,215,11,5,8,16,7,7,3,4.0,4,30,7,2,19,7,16,14,11,21,9.0,14,213.22186046511624,0.2334418604651162,1.051953488372093,21.488372093023255,25247.81485468371,5.29443359375,immediate-early
12,p09714_q6sw03_us1,p09714,156,15,5,11,9,1,10,8,0.0,3,9,3,2,7,9,17,23,3,9,11.0,1,213.7435897435897,-0.9838461538461538,1.0228846153846154,19.775641025641026,17754.34242468369,7.20166015625,immediate-early
13,p08318_q6sw99_ul32,p08318,1048,100,7,60,54,28,65,18,25.0,51,78,12,33,96,45,72,118,84,76,11.0,15,212.68616412213737,-1.073425572519084,1.0303148854961832,17.508587786259543,112619.26378468507,9.01318359375,late
14,f5hb40_p16727_p29839_ul84,p16727,586,40,9,36,37,16,30,19,17.0,19,79,8,17,44,18,57,45,52,31,3.0,9,213.63174061433443,-0.6626109215017066,1.0402047781569965,18.633105802047783,65387.897194683945,7.90576171875,early
15,f5hac7_p16800_ul94,p16800,345,19,26,21,16,12,29,11,14.0,13,33,10,6,18,11,20,22,21,24,6.0,13,212.18086956521736,-0.18472463768115943,1.0468115942028984,21.52463768115942,38355.40401468375,6.23095703125,late
16,b9vxd7_f5heu0_p09712_us3,b9vxd7,186,8,2,10,7,9,11,8,8.0,5,21,7,5,7,7,14,14,7,23,5.0,8,213.08064516129025,0.14080645161290314,1.0861290322580646,19.741935483870968,21501.080724683703,8.69189453125,immediate-early
17,c0h677_p16764_q6swa3_ul29,c0h677,701,60,22,34,39,41,55,25,21.0,18,74,9,10,34,16,70,55,25,54,11.0,28,213.21911554921536,-0.2020970042796006,1.0660485021398003,20.621968616262482,79002.06512468419,8.44580078125,early
18,d5lx59_p16785_q6sw84_ul48,d5lx59,2242,186,29,122,145,72,113,78,62.0,71,293,42,53,127,183,173,114,156,148,17.0,58,213.29821587867974,-0.44731935771632475,1.055869759143622,18.646297948260482,253207.29485468243,6.40185546875,late
19,p16778_q6sw94_ul37,p16778,487,29,13,16,37,16,26,19,13.0,16,54,8,27,14,13,48,33,44,35,14.0,12,213.90061601642708,-0.36061601642710484,1.0580903490759752,19.525667351129364,56089.39233468388,8.73291015625,immediate-early
20,irs1_p09715_q6sw04,p09715,846,111,14,43,40,15,76,28,11.0,18,80,18,13,100,35,74,43,47,46,17.0,17,212.97234042553188,-0.9259338061465721,1.0303191489361703,19.29432624113475,90991.07112468417,8.38427734375,early
21,f5hdc7_p09722_us22,f5hdc7,576,43,18,42,36,20,42,13,13.0,17,60,14,18,42,24,46,24,39,32,11.0,22,213.03246527777776,-0.49909722222222225,1.0385069444444444,19.947916666666668,65005.91801468394,5.27392578125,early
22,f5hg68_p16757_ul16,p16757,230,10,8,10,12,7,12,5,14.0,5,29,4,9,9,6,21,19,20,18,4.0,8,213.15391304347824,-0.0020000000000000347,1.069,19.68695652173913,26130.471374683693,8.15869140625,late
23,p16730_q6sw55_ul87,p16730,941,77,32,33,50,34,63,39,26.0,30,106,13,34,45,23,89,72,51,87,6.0,31,213.27566418703503,-0.3605419766206163,1.0631030818278426,19.725823591923486,104736.9356846844,9.28662109375,late
24,f5hb53_p06473_p13201_ul55,p06473,906,62,16,45,49,34,46,20,48.0,39,70,17,52,30,37,53,87,71,71,8.0,51,212.59845474613684,-0.40671081677704196,1.0645916114790286,18.003311258278146,101939.79454468416,6.83251953125,late
25,p14334_p60528_q6sw00_us6,p14334,183,10,13,12,5,5,11,6,7.0,7,27,3,6,10,6,19,11,12,8,2.0,3,213.44043715847,-0.2945901639344263,1.0417486338797814,21.415300546448087,20625.491294683692,8.50048828125,early
26,f5hfj7_p09728_us10,f5hfj7,185,14,8,4,11,5,15,4,8.0,4,26,3,6,12,3,13,9,14,10,4.0,12,212.53027027027025,0.044432432432432445,1.0652432432432433,21.675675675675677,20757.536774683696,7.70751953125,late
27,f5ha93_p16783_ul46,p16783,290,23,7,15,17,10,15,8,14.0,10,39,5,6,11,7,26,16,20,24,4.0,13,213.24724137931034,0.06127586206896553,1.0781379310344827,19.97241379310345,33006.26637468369,8.24755859375,late
28,p09695_q6svx2_trs1,p09695,788,115,13,33,37,14,80,21,10.0,16,82,17,16,73,27,67,35,48,49,16.0,19,212.57563451776647,-0.6813578680203046,1.0537563451776648,19.568527918781726,83928.84379468404,8.95166015625,immediate-early
29,f5het1_p16751_ul78,f5het1,431,44,12,20,18,23,23,7,20.0,8,51,16,6,12,7,23,40,32,46,7.0,16,211.62134570765662,0.4664733178654291,1.1058004640371228,19.647331786542924,47326.062824683766,5.41748046875,early
30,f5hgg3_p16762_ul26,f5hgg3,222,22,3,14,13,7,19,6,7.0,3,24,4,5,9,7,28,12,10,19,2.0,8,213.62567567567564,-0.3511261261261262,1.0726126126126125,19.045045045045047,24851.834994683682,9.17724609375,early
31,d5lx53_f5hhz3_p16815_ul42,d5lx53,122,8,3,9,3,5,6,3,4.0,1,7,8,3,20,1,5,8,14,8,2.0,4,212.17049180327868,-0.6349180327868853,1.0135245901639345,18.270491803278688,13346.32742468368,4.30322265625,early
32,f5hg98_p16779_ul38,f5hg98,331,34,3,16,21,11,13,10,12.0,10,29,13,5,25,14,21,30,17,33,6.0,8,212.7513595166163,-0.3246525679758309,1.0588217522658612,17.993957703927492,36729.65689468367,5.91650390625,early
