,protein_group,protein,length,M count_all_viruses,E count_all_viruses,H count_all_viruses,D count_all_viruses,L count_all_viruses,R count_all_viruses,G count_all_viruses,P count_all_viruses,S count_all_viruses,A count_all_viruses,F count_all_viruses,W count_all_viruses,Y count_all_viruses,I count_all_viruses,V count_all_viruses,T count_all_viruses,C count_all_viruses,N count_all_viruses,Q count_all_viruses,K count_all_viruses,average basicity,average hydrophobicity,average helicity,average mutation stability,mass,pI,label
0,bnlf1_lmp1_p03230_p0c741_p13198_p29362_q1hvb3,p03230,386,7,9,19.0,42,73,9,46,36,22,16,12.0,10.0,8.0,21.0,8,12,4.0,16.0,15.0,1.0,211.14818652849738,-0.30787564766839404,1.0563730569948186,20.88082901554404,41955.8620446838,3.87255859375,latent
1,bkrf1_ebna1_p03211_q1hvf7_q3kss4,p03211,641,5,25,8.0,23,15,50,251,41,27,103,12.0,3.0,5.0,8.0,15,15,6.0,6.0,11.0,12.0,209.60000000000002,-1.910826833073323,1.0766302652106083,20.622464898595943,56393.807774683846,10.23681640625,latent
2,bzlf1_p03206_q1hvg1_q3kss8,p03206,245,3,12,3.0,14,20,12,10,29,15,28,8.0,2.0,7.0,5.0,17,12,5.0,9.0,25.0,9.0,212.4604081632653,-0.9002857142857142,1.0180408163265307,18.13469387755102,26843.411794683692,5.02783203125,immediate-early
3,byrf1_ebna2_p12978_q3ksv2_q69022,p12978,487,10,15,14.0,23,40,29,30,135,39,18,5.0,7.0,9.0,15.0,18,32,2.0,12.0,28.0,6.0,213.28275154004106,-1.7631211498973307,0.9371868583162218,18.320328542094455,52511.70558468377,6.57275390625,latent
4,bmrf1_p03191_p0c6z0_q3ksu3,p03191,404,6,21,10.0,12,40,21,24,37,38,47,10.0,3.0,11.0,9.0,32,25,6.0,10.0,21.0,21.0,212.37252475247524,-0.762920792079208,1.044480198019802,18.532178217821784,43346.43955468374,9.34814453125,early
5,bglf4_p0c6z8_p0c731_p13288,p0c731,429,15,18,17.0,32,53,21,29,24,32,25,20.0,4.0,20.0,13.0,23,22,15.0,12.0,15.0,19.0,212.38088578088573,-0.29354312354312356,1.0542657342657342,20.235431235431236,48319.671024683754,5.89599609375,late
6,brlf1_p03209_q1hvg0_q3kss7,p03209,605,17,46,17.0,32,55,39,33,53,55,52,20.0,5.0,10.0,24.0,33,36,12.0,19.0,16.0,31.0,212.95454545454547,-0.7723636363636364,1.030809917355372,18.239669421487605,66552.4804946838,6.11474609375,immediate-early
7,lmp2_p0c729_p13285_q1hvj2,p13285,497,13,15,3.0,14,94,17,42,34,40,48,19.0,9.0,18.0,23.0,33,32,15.0,15.0,10.0,3.0,210.7784708249497,0.47881287726358135,1.0982897384305834,21.380281690140844,52976.630494683865,4.59033203125,latent
8,bhrf1_p03182_p0c6z1_p0c736,p03182,191,4,14,9.0,8,27,16,12,6,15,10,8.0,6.0,5.0,11.0,11,14,6.0,6.0,3.0,0.0,213.065445026178,0.1780628272251309,1.07717277486911,20.413612565445025,21879.000444683687,5.78662109375,latent
9,bcrf1_p03180_p0c6z6_p0cap9_p25215,p03180,170,6,16,2.0,10,23,11,6,5,6,10,10.0,0.0,6.0,7.0,8,6,6.0,9.0,10.0,13.0,213.41882352941175,-0.12288235294117651,1.0531176470588235,19.676470588235293,19901.07124468369,5.67724609375,late
10,bglf3_p03220,p03220,332,11,24,6.0,22,42,19,17,25,15,28,11.0,8.0,14.0,10.0,19,15,12.0,10.0,14.0,10.0,212.56234939759034,-0.1280120481927711,1.045210843373494,20.44578313253012,37683.51771468372,4.50830078125,late
11,ebna-lp_ebna5_p0c732_q1hvi8_q8azk7,q8azk7,506,1,49,8.0,10,32,91,84,90,44,1,1.0,1.0,1.0,9.0,37,17,0.0,0.0,30.0,0.0,215.1707509881423,-2.007687747035573,0.9672924901185771,18.387351778656125,54706.833764683804,12.17138671875,latent
12,bnlf2a_p0c737_p0c738_p0c739,p0c739,60,1,4,2.0,2,15,4,3,5,6,2,1.0,0.0,0.0,1.0,6,2,4.0,0.0,2.0,0.0,212.04166666666666,0.3641666666666665,1.0591666666666668,22.416666666666668,6535.465244683701,5.32177734375,early
13,bfrf3_p14348_scp,p14348,176,1,5,3.0,6,12,14,15,12,20,33,6.0,0.0,3.0,2.0,9,11,1.0,4.0,14.0,5.0,212.0988636363636,-1.0872159090909088,1.0606250000000002,17.113636363636363,18136.231454683675,10.80419921875,late
14,bclf1_mcp_p03226_p0c703_p0c704,p0c703,1381,44,79,47.0,67,121,82,77,72,86,133,71.0,4.0,56.0,62.0,119,84,18.0,65.0,53.0,41.0,212.5905865314989,-0.2671687183200579,1.0718247646632875,18.034033309196236,153833.36654468457,6.06689453125,late
15,bplf1_p03186_q1hvh9_q3ksu8,p03186,3149,42,197,53.0,154,332,205,198,338,261,412,82.0,29.0,78.0,108.0,144,188,17.0,73.0,145.0,93.0,212.4587488091457,-0.78,1.0385042870752619,18.1603683709114,337751.097154684,5.49951171875,late
16,barf1_p03228_p0c6n0_p0c701_p0cap6_p0cap7_p0cw72,p03228,221,5,15,10.0,7,22,9,16,13,16,16,12.0,5.0,4.0,7.0,25,13,4.0,6.0,7.0,9.0,212.29321266968321,-0.19266968325791858,1.069864253393665,19.67873303167421,24455.472674683675,6.20361328125,early
17,balf2_dbp_p03227_q1hvb8_q3ksn9,p03227,1128,19,61,20.0,50,112,64,91,69,83,109,46.0,8.0,49.0,37.0,82,63,29.0,47.0,47.0,42.0,212.11081560283688,-0.43149822695035467,1.060150709219858,19.354609929078013,123043.71959468449,6.46337890625,early
18,bglf5_p03217_q1hve7_q3ksr5,p03217,470,10,25,4.0,35,39,29,30,31,40,26,26.0,5.0,19.0,26.0,35,26,13.0,17.0,12.0,22.0,212.43765957446809,-0.3352978723404256,1.0489787234042554,19.26595744680851,52633.234134683844,4.99365234375,early
19,bllf1_p03200_p68343_p68344,p03200,907,13,30,17.0,31,55,18,62,99,103,65,24.0,8.0,20.0,28.0,58,163,11.0,52.0,25.0,25.0,211.38401323042999,-1.0632414553472989,1.0322932745314222,16.934950385887543,94373.16769468471,5.23974609375,late
20,bmlf1_bslf2_q04360_q1hvh2_q3ksu1,q04360,479,7,34,13.0,22,46,43,20,39,46,41,13.0,5.0,11.0,18.0,24,34,11.0,15.0,16.0,21.0,213.58893528183714,-0.7893528183716075,1.0287265135699373,18.402922755741127,53458.23181468373,8.50732421875,early
21,bdlf3_p03224,p03224,234,6,5,1.0,4,21,5,14,13,28,25,4.0,2.0,2.0,10.0,15,57,1.0,11.0,3.0,7.0,210.91752136752135,-0.5280769230769232,1.085,16.21794871794872,23776.18015468368,9.70361328125,late
22,balf4_p03188_p0c762_p0c763,p03188,857,19,45,14.0,40,72,57,54,42,64,62,39.0,7.0,31.0,41.0,57,82,11.0,42.0,45.0,33.0,212.73920653442238,-0.4771411901983664,1.0617852975495916,17.976662777129523,95579.2557646841,8.05615234375,late
23,blrf2_p03197_p0c717_q3kst5,p0c717,162,8,11,0.0,6,11,19,9,12,16,17,0.0,0.0,0.0,5.0,12,9,1.0,6.0,9.0,11.0,214.07407407407408,-1.1672222222222222,1.0314814814814817,16.061728395061728,17676.288864683684,11.37841796875,late
24,bsrf1_p0ck49_p0ck50_p0ck62,p0ck49,218,7,19,2.0,10,23,12,12,18,16,23,6.0,5.0,3.0,7.0,20,10,4.0,6.0,9.0,6.0,212.23532110091745,-0.27853211009174317,1.051559633027523,18.793577981651374,23846.03207468367,4.42626953125,late
25,bdlf4_p0ck56_p0ck57,p0ck56,225,6,16,9.0,9,23,12,15,12,18,11,9.0,4.0,9.0,8.0,19,12,9.0,6.0,9.0,9.0,212.64577777777777,-0.2602222222222222,1.0519111111111112,20.213333333333335,25431.563544683686,6.12841796875,late
26,bglf2_p0ck53_p0ck54_p0ck55,p0ck53,336,13,13,7.0,12,34,13,21,26,17,26,13.0,4.0,13.0,10.0,32,32,12.0,15.0,9.0,14.0,211.9973214285714,-0.18059523809523811,1.0610416666666667,19.696428571428573,36863.52674468369,7.52294921875,late
27,bblf2_p30118,p30118,522,5,32,12.0,31,56,44,51,41,33,48,18.0,12.0,14.0,16.0,36,32,8.0,7.0,20.0,6.0,212.59999999999997,-0.4736973180076629,1.0540804597701148,19.796934865900383,57107.88863468379,5.32861328125,early
28,borf2_p03190_p0c702_q3ksu5,p03190,826,20,60,20.0,43,86,58,54,38,63,74,44.0,12.0,34.0,24.0,49,40,26.0,21.0,32.0,28.0,212.69019370460046,-0.23669491525423728,1.0595883777239707,19.900726392251816,92970.79929468413,5.61572265625,early
29,bflf2_p0ck47_p0ck48,p0ck47,318,5,16,15.0,12,36,22,18,17,33,19,14.0,0.0,8.0,18.0,21,16,12.0,13.0,10.0,13.0,212.90849056603773,-0.4130188679245283,1.054874213836478,19.19182389937107,35338.06284468369,8.30224609375,early
30,bfrf1_p03185,p03185,336,9,21,11.0,16,33,29,25,17,33,22,14.0,7.0,7.0,9.0,26,18,8.0,9.0,10.0,12.0,213.14136904761904,-0.47068452380952375,1.0545833333333334,19.4375,37607.896284683695,8.15869140625,early
31,btrf1_p0c734_p30119_q1hvd3,p0c734,404,10,22,8.0,11,47,19,18,36,31,32,16.0,0.0,9.0,30.0,31,22,5.0,22.0,15.0,20.0,212.4905940594059,-0.31210396039603966,1.0578960396039603,18.06930693069307,44315.58237468374,9.04736328125,late
32,bdlf1_p25214,p25214,301,14,13,10.0,18,47,13,16,16,22,18,8.0,2.0,13.0,13.0,29,16,4.0,9.0,13.0,7.0,212.04451827242522,0.13026578073089704,1.0835548172757474,19.07308970099668,33602.24865468371,5.11669921875,late
33,bnrf1_p03179_q1hvj0_q3ksv4,p03179,1318,31,71,34.0,55,153,87,126,91,91,128,53.0,18.0,32.0,38.0,92,69,25.0,42.0,59.0,23.0,212.17610015174506,-0.3823065250379363,1.0651138088012138,19.503034901365705,142753.13286468448,6.10107421875,early
34,borf1_p03187,p03187,364,5,14,8.0,15,33,27,40,22,31,35,22.0,6.0,9.0,15.0,34,17,4.0,11.0,10.0,6.0,212.0315934065934,-0.27989010989010993,1.0810714285714285,19.49175824175824,39166.112304683724,8.83544921875,late
35,brrf1_p03207_p0c722_p0c723,p03207,310,8,13,14.0,18,46,17,13,13,23,23,7.0,5.0,14.0,17.0,18,13,8.0,10.0,15.0,15.0,212.80387096774191,-0.10290322580645167,1.0687419354838708,19.816129032258065,35296.18672468371,7.50244140625,early
36,bdlf2_p03225_p0c742_q3ksq7,p03225,420,15,28,13.0,16,26,29,33,32,23,40,22.0,2.0,14.0,7.0,39,29,11.0,17.0,11.0,13.0,212.7302380952381,-0.5789761904761904,1.049547619047619,18.692857142857143,46138.64179468374,6.68212890625,late
37,blrf1_p03196_p0c6z3_p0c6z4,p03196,102,2,1,0.0,3,16,1,3,5,9,16,7.0,2.0,4.0,4.0,7,10,2.0,4.0,2.0,4.0,210.57941176470584,0.5717647058823531,1.1143137254901962,20.274509803921568,10936.741054683696,8.10400390625,late
38,bfrf2_p14347,p14347,591,5,25,13.0,21,62,56,51,47,56,61,25.0,8.0,16.0,11.0,45,22,28.0,12.0,18.0,9.0,212.57275803722501,-0.4351776649746194,1.0491201353637902,20.749576988155667,63936.2064246838,8.47314453125,late
39,bmrf2_p03192_q1hvh3_q3ksu2,p03192,357,9,9,11.0,2,57,15,18,14,30,35,30.0,6.0,12.0,20.0,35,18,18.0,5.0,4.0,9.0,211.53753501400558,0.9210644257703081,1.1161344537815125,22.240896358543417,39488.84385468369,8.54150390625,early
40,balf1_p0ck58_p0ck59,p0ck58,220,5,5,6.0,15,29,20,6,15,16,24,9.0,5.0,12.0,8.0,18,10,3.0,3.0,1.0,10.0,213.35136363636357,0.028863636363636307,1.0722272727272726,20.272727272727273,25132.28414468369,9.86767578125,early
41,ebna3_p12977_q3kst2_q69138,p12977,944,25,60,24.0,50,63,64,69,124,58,85,27.0,16.0,19.0,32.0,65,50,10.0,14.0,71.0,18.0,212.88972457627116,-0.9448728813559323,1.0167055084745762,18.10593220338983,103428.5421946844,5.20556640625,latent
42,bilf1_p03208,p03208,312,16,7,5.0,5,61,14,21,10,21,22,16.0,6.0,7.0,19.0,21,25,11.0,9.0,5.0,11.0,211.68173076923077,0.8019230769230768,1.1175961538461539,21.493589743589745,34495.460694683716,9.45068359375,late
43,bhlf1_p03181,p03181,660,1,15,16.0,14,19,92,104,146,35,106,1.0,7.0,1.0,0.0,7,35,17.0,7.0,37.0,0.0,213.62060606060606,-2.272136363636364,0.9626666666666667,18.93030303030303,66204.35717468377,12.44482421875,early
44,bzlf2_p03205_p0c6z5_q1hvg2,p03205,223,1,9,6.0,4,15,8,13,19,12,12,14.0,6.0,13.0,6.0,24,19,11.0,11.0,7.0,13.0,212.42600896860984,-0.27968609865470856,1.0417937219730942,21.430493273542602,25240.60333468369,8.50732421875,late
45,bblf4_p03214,p03214,809,19,44,22.0,38,78,52,59,39,53,69,38.0,9.0,34.0,29.0,62,60,21.0,33.0,25.0,25.0,212.4631644004944,-0.2662175525339926,1.0680222496909766,19.326328800988875,89795.82466468398,6.51123046875,early
46,bxrf1_p03232,p03232,248,2,6,5.0,7,32,25,19,20,16,26,10.0,2.0,3.0,2.0,15,18,8.0,5.0,15.0,12.0,213.3137096774193,-0.6560080645161291,1.0488709677419354,20.322580645161292,27045.379774683686,11.35107421875,late
47,bblf1_p0ck51_p0ck52,p0ck51,75,1,11,0.0,6,9,4,7,2,3,4,2.0,1.0,3.0,4.0,2,3,2.0,8.0,0.0,3.0,212.29999999999998,-0.4849333333333334,1.0401333333333331,19.093333333333334,8465.0113546837,3.87255859375,early
48,bxlf2_p03231_q1hvd2_q3ksq3,p03231,706,22,42,19.0,25,99,28,48,26,54,54,33.0,5.0,33.0,32.0,54,49,13.0,20.0,20.0,30.0,211.94745042492917,0.10997167138810199,1.0892634560906516,19.74929178470255,78271.23415468395,6.10107421875,late
49,bbrf3_p03215_q1hve9_q3ksr7,p03215,405,11,14,7.0,9,49,19,13,22,37,29,30.0,8.0,19.0,24.0,48,25,9.0,13.0,7.0,12.0,212.08222222222219,0.5752839506172839,1.0977037037037036,20.219753086419754,45762.02162468378,8.70556640625,late
50,bkrf3_p12888_ung,p12888,255,4,10,9.0,14,35,13,18,14,17,22,11.0,9.0,4.0,11.0,15,7,5.0,10.0,12.0,15.0,212.54156862745097,-0.24219607843137264,1.064901960784314,20.701960784313727,28586.854954683688,8.60302734375,early
51,brrf2_p03210_q1hvf8_q3kss5,p03210,537,7,32,16.0,33,61,24,48,39,58,46,16.0,4.0,6.0,21.0,35,26,11.0,15.0,23.0,16.0,211.66294227188078,-0.6658100558659219,1.0501117318435753,18.71508379888268,56919.49808468383,4.76123046875,latent
52,bvrf2_p03234_q1hvc7_q3ksp9,p03234,605,4,27,24.0,31,55,25,52,79,45,71,17.0,2.0,22.0,15.0,27,33,10.0,13.0,28.0,25.0,212.09471074380164,-1.1186280991735538,1.0203471074380164,18.986776859504133,64062.14309468372,6.31298828125,late
53,bkrf4_p0c724_p30117_q3kss1,p0c724,217,4,20,3.0,19,8,19,9,33,37,11,2.0,3.0,6.0,3.0,6,13,1.0,6.0,9.0,5.0,213.5400921658986,-1.865437788018433,0.9553456221198157,16.207373271889402,23966.140024683667,4.34423828125,early
54,bslf1_p03193,p03193,874,13,44,34.0,36,104,73,49,55,59,78,41.0,12.0,26.0,31.0,62,55,27.0,20.0,32.0,23.0,213.12677345537756,-0.22678489702517166,1.0609839816933637,19.975972540045767,97978.28279468426,8.30908203125,early
