,virus,protein_group,protein,length,A count_all_viruses,C count_all_viruses,D count_all_viruses,E count_all_viruses,F count_all_viruses,G count_all_viruses,H count_all_viruses,I count_all_viruses,K count_all_viruses,L count_all_viruses,M count_all_viruses,N count_all_viruses,P count_all_viruses,Q count_all_viruses,R count_all_viruses,S count_all_viruses,T count_all_viruses,V count_all_viruses,W count_all_viruses,X count_all_viruses,Y count_all_viruses,average basicity,average hydrophobicity,average helicity,average mutation stability,mass,pI,label
0,HHV_6A,p24444_u67,p24444,353,29,10.0,16,17.0,19.0,14.0,1.0,20.0,27.0,40,9,12.0,12,17.0,12,34,22,23,3.0,0.0,16.0,211.99915014164304,-0.02334277620396602,1.0745042492917847,19.43342776203966,39506.28487468376,8.28173828125,late
1,HHV_6A,p52354_u42,p52354,515,21,15.0,31,39.0,30.0,12.0,16.0,29.0,36.0,46,11,32.0,28,28.0,34,35,39,20,1.0,0.0,12.0,213.78815533980583,-0.6589126213592233,1.0284660194174757,18.10873786407767,59847.961764683845,7.11279296875,immediate-early
2,HHV_6A,q89882_u95,q89882,1121,53,31.0,63,55.0,43.0,82.0,25.0,46.0,46.0,70,43,109.0,69,57.0,43,101,72,67,11.0,0.0,35.0,212.1557537912578,-0.8467618198037467,1.0349598572702943,17.651204281891168,123987.6832646845,5.19189453125,immediate-early
3,HHV_6A,mcp_p17887_u57,p17887,1345,79,27.0,62,68.0,77.0,48.0,40.0,107.0,62.0,131,33,108.0,72,54.0,52,105,103,67,6.0,0.0,44.0,212.5271375464684,-0.2905650557620818,1.0596579925650556,17.863940520446096,151853.61704468404,6.20361328125,late
4,HHV_6A,p52338_u41,p52338,1132,54,32.0,63,65.0,72.0,48.0,22.0,69.0,78.0,118,24,61.0,43,43.0,39,95,76,90,7.0,0.0,33.0,212.2901060070671,-0.14426678445229688,1.064690812720848,19.019434628975265,127680.9417646843,6.07373046875,early
5,HHV_6A,p0doe0_q69572_u100,p0doe0,214,6,5.0,10,9.0,11.0,6.0,5.0,10.0,7.0,24,8,12.0,16,10.0,10,19,15,11,5.0,0.0,15.0,212.84859813084108,-0.12149532710280375,1.0463084112149532,19.72429906542056,25104.333384683683,6.20361328125,late
6,HHV_6A,p28864_p36319_u39,p28864,830,47,11.0,44,53.0,38.0,45.0,18.0,55.0,52.0,73,24,44.0,32,18.0,33,73,59,66,5.0,0.0,40.0,212.35433734939755,-0.26761445783132537,1.06844578313253,18.179518072289156,93179.1579046842,5.85498046875,late
7,HHV_6A,p52441_u33,p52441,470,15,30.0,12,26.0,30.0,15.0,12.0,19.0,36.0,61,19,19.0,19,17.0,24,32,24,36,3.0,0.0,21.0,213.00808510638296,0.1663404255319149,1.0583617021276597,21.425531914893618,54662.70783468375,8.54833984375,late
8,HHV_6A,q69549_u14,q69549,609,35,5.0,47,34.0,25.0,14.0,13.0,42.0,33.0,59,19,41.0,29,20.0,38,62,35,33,2.0,0.0,23.0,213.0768472906404,-0.4706732348111659,1.0514121510673233,17.087027914614122,69516.07052468401,5.72509765625,early
9,HHV_6A,q69557_u22,q69557,202,14,10.0,6,9.0,14.0,6.0,3.0,13.0,7.0,15,6,12.0,5,5.0,15,16,9,23,6.0,0.0,8.0,212.85693069306927,0.40668316831683154,1.0824257425742574,20.198019801980198,23392.777564683696,8.48681640625,late
10,HHV_6A,q00683_rep_u94,q00683,490,25,9.0,31,12.0,28.0,30.0,15.0,61.0,36.0,41,9,30.0,26,16.0,19,28,27,21,14.0,0.0,12.0,212.6212244897959,-0.15475510204081636,1.0671224489795919,19.163265306122447,55812.176404683865,9.25927734375,latent
11,HHV_6A,p27417_p52439_u27,p27417,388,23,7.0,23,24.0,20.0,11.0,15.0,18.0,32.0,31,12,20.0,14,16.0,22,37,31,24,2.0,0.0,6.0,213.40592783505156,-0.6874226804123711,1.0467268041237112,17.49742268041237,44156.304224683736,8.87646484375,early
12,HHV_6B,p0doe1_q9qj11_u100,p0doe1,182,8,5.0,9,7.0,12.0,7.0,8.0,6.0,5.0,16,7,9.0,12,7.0,8,15,14,12,2.0,1.0,12.0,212.68241758241757,-0.2034065934065934,1.0537912087912087,19.314917127071823,20920.06985468368,6.23095703125,late
13,HHV_6B,p52543_u48,p52543,694,31,14.0,39,32.0,32.0,20.0,11.0,59.0,31.0,72,21,43.0,38,21.0,30,49,54,51,5.0,0.0,41.0,212.5021613832853,0.03590778097982706,1.0674351585014408,18.46685878962536,79522.51594468382,5.56103515625,late
14,HHV_6B,p52446_u69,p52446,563,39,23.0,40,37.0,31.0,24.0,13.0,29.0,39.0,67,12,29.0,20,14.0,31,43,15,36,2.0,0.0,19.0,212.6628774422735,-0.17852575488454714,1.0565364120781529,19.795737122557725,63842.155154683824,6.01904296875,early
15,HHV_6B,q9qj40_u27,q9qj40,366,17,7.0,20,25.0,16.0,10.0,15.0,18.0,31.0,31,10,21.0,14,16.0,18,35,31,23,2.0,0.0,6.0,213.3724043715847,-0.7374043715846994,1.0416120218579235,17.48633879781421,41695.07831468374,8.25439453125,early
16,HHV_6B,q9qj36_u33,q9qj36,470,15,30.0,13,26.0,31.0,15.0,13.0,19.0,35.0,60,20,19.0,19,18.0,23,32,23,35,3.0,0.0,21.0,212.97212765957445,0.1651063829787234,1.0579999999999998,21.363829787234042,54723.56494468375,8.37744140625,late
17,HHV_6B,p36320_u39,p36320,830,47,11.0,47,53.0,36.0,46.0,15.0,55.0,51.0,77,23,41.0,30,17.0,34,74,60,66,5.0,0.0,42.0,212.279156626506,-0.2252168674698796,1.0705542168674698,18.28674698795181,93075.16201468417,5.48583984375,late
18,HHV_6B,q9qj49_u14,q9qj49,610,35,5.0,44,36.0,25.0,13.0,12.0,43.0,32.0,59,22,40.0,30,20.0,40,64,32,33,2.0,0.0,23.0,213.15967213114754,-0.43321311475409835,1.0517213114754098,17.03934426229508,69779.23815468398,5.86865234375,early
19,HHV_6B,q9qj42_u24,q9qj42,88,6,1.0,3,2.0,6.0,2.0,1.0,4.0,4.0,7,5,5.0,8,2.0,7,8,4,8,2.0,0.0,3.0,213.4397727272727,-0.13147727272727272,1.0567045454545456,18.681818181818183,10145.232164683697,10.48974609375,late
20,HHV_6B,q77pu6_u90,q77pu6,1078,43,28.0,76,93.0,39.0,37.0,27.0,78.0,93.0,75,35,89.0,46,36.0,21,111,69,51,5.0,0.0,26.0,212.45426716141,-0.7763636363636365,1.0303803339517625,17.049165120593692,121404.89132468413,4.72021484375,immediate-early
21,HHV_6B,q9wt06_u67,q9wt06,353,26,10.0,16,17.0,19.0,13.0,1.0,20.0,24.0,40,9,12.0,14,18.0,13,37,22,23,3.0,0.0,16.0,212.04305949008497,-0.040594900849858395,1.0703682719546743,19.31728045325779,39591.228504683764,7.96728515625,late
22,HHV_6B,p52539_u42,p52539,516,20,14.0,33,38.0,30.0,11.0,15.0,31.0,37.0,45,11,31.0,29,27.0,36,36,39,20,1.0,0.0,12.0,213.88817829457363,-0.6690697674418605,1.0275,17.998062015503876,60076.21090468386,7.49560546875,immediate-early
23,HHV_6B,q9qj44_u22,q9qj44,202,13,8.0,6,9.0,15.0,7.0,3.0,13.0,6.0,15,5,11.0,7,5.0,15,16,10,22,7.0,0.0,9.0,212.9019801980198,0.382079207920792,1.0808910891089107,20.326732673267326,23491.860994683695,8.54833984375,late
24,HHV_6B,q9qj12_u95,q9qj12,1212,73,30.0,54,60.0,37.0,93.0,31.0,57.0,59.0,82,43,90.0,68,65.0,47,122,75,73,11.0,0.0,42.0,212.1355610561056,-0.8039356435643565,1.0437706270627063,17.786303630363037,133000.40777468446,6.44970703125,immediate-early
25,HHV_6B,q9qj26_u57,q9qj26,1345,77,26.0,62,68.0,76.0,48.0,41.0,107.0,61.0,132,35,112.0,73,53.0,52,102,103,67,6.0,0.0,44.0,212.55360594795536,-0.29428252788104087,1.0593977695167285,17.81263940520446,152009.66402468403,6.18310546875,late
26,HHV_6B,p52530_u79,p52530,480,19,10.0,33,50.0,17.0,29.0,10.0,25.0,42.0,33,6,26.0,10,22.0,42,39,30,27,2.0,0.0,8.0,213.98562499999997,-0.98075,1.0307083333333333,17.604166666666668,54981.67828468387,7.38623046875,early
27,HHV_6B,q9qj47_u17,q9qj47,334,11,9.0,23,22.0,21.0,20.0,5.0,23.0,18.0,36,9,11.0,11,9.0,19,21,22,22,4.0,0.0,18.0,212.690119760479,0.07955089820359279,1.069700598802395,19.934131736526947,38632.4363646837,5.09619140625,immediate-early
28,HHV_6B,q9wt45_u19,q9wt45,389,32,13.0,23,26.0,18.0,25.0,8.0,20.0,18.0,29,13,10.0,15,20.0,19,35,27,26,4.0,0.0,8.0,212.1637532133676,-0.3717480719794343,1.0594858611825193,18.416452442159382,42872.96260468371,5.01416015625,early
29,HHV_6B,p52538_u41,p52538,1132,57,33.0,61,67.0,71.0,47.0,21.0,68.0,77.0,118,24,60.0,43,43.0,40,93,76,91,7.0,0.0,35.0,212.30088339222613,-0.1246289752650177,1.0650265017667846,19.068021201413426,127735.95497468431,6.04638671875,early
30,EBV,blrf1_p03196_p0c6z3_p0c6z4,p03196,102,16,2.0,3,1.0,7.0,3.0,0.0,4.0,4.0,16,2,4.0,5,2.0,1,9,10,7,2.0,0.0,4.0,210.57941176470584,0.5717647058823531,1.1143137254901962,20.274509803921568,10936.741054683696,8.10400390625,late
31,EBV,barf1_p03228_p0c6n0_p0c701_p0cap6_p0cap7_p0cw72,p03228,221,16,4.0,7,15.0,12.0,16.0,10.0,7.0,9.0,22,5,6.0,13,7.0,9,16,13,25,5.0,0.0,4.0,212.29321266968321,-0.19266968325791858,1.069864253393665,19.67873303167421,24455.472674683675,6.20361328125,early
32,EBV,bkrf1_ebna1_p03211_q1hvf7_q3kss4,p03211,641,103,6.0,23,25.0,12.0,251.0,8.0,8.0,12.0,15,5,6.0,41,11.0,50,27,15,15,3.0,0.0,5.0,209.60000000000002,-1.910826833073323,1.0766302652106083,20.622464898595943,56393.807774683846,10.23681640625,latent
33,EBV,bkrf3_p12888_ung,p12888,255,22,5.0,14,10.0,11.0,18.0,9.0,11.0,15.0,35,4,10.0,14,12.0,13,17,7,15,9.0,0.0,4.0,212.54156862745097,-0.24219607843137264,1.064901960784314,20.701960784313727,28586.854954683688,8.60302734375,early
34,EBV,bmrf1_p03191_p0c6z0_q3ksu3,p03191,404,47,6.0,12,21.0,10.0,24.0,10.0,9.0,21.0,40,6,10.0,37,21.0,21,38,25,32,3.0,0.0,11.0,212.37252475247524,-0.762920792079208,1.044480198019802,18.532178217821784,43346.43955468374,9.34814453125,early
35,EBV,borf2_p03190_p0c702_q3ksu5,p03190,826,74,26.0,43,60.0,44.0,54.0,20.0,24.0,28.0,86,20,21.0,38,32.0,58,63,40,49,12.0,0.0,34.0,212.69019370460046,-0.23669491525423728,1.0595883777239707,19.900726392251816,92970.79929468413,5.61572265625,early
36,EBV,bxlf1_p03177_q1hvd1_q3ksq2,q3ksq2,607,50,14.0,33,36.0,25.0,42.0,20.0,18.0,35.0,55,12,18.0,41,21.0,37,49,39,38,9.0,0.0,15.0,212.81021416803955,-0.689176276771005,1.0427347611202635,19.210873146622735,67164.75207468383,7.67333984375,early
37,EBV,bplf1_p03186_q1hvh9_q3ksu8,p03186,3149,412,17.0,154,197.0,82.0,198.0,53.0,108.0,93.0,332,42,73.0,338,145.0,205,261,188,144,29.0,0.0,78.0,212.4587488091457,-0.78,1.0385042870752619,18.1603683709114,337751.097154684,5.49951171875,late
38,EBV,bclf1_mcp_p03226_p0c703_p0c704,p0c703,1381,133,18.0,67,79.0,71.0,77.0,47.0,62.0,41.0,121,44,65.0,72,53.0,82,86,84,119,4.0,0.0,56.0,212.5905865314989,-0.2671687183200579,1.0718247646632875,18.034033309196236,153833.36654468457,6.06689453125,late
39,EBV,bblf2_p30118,p30118,522,48,8.0,31,32.0,18.0,51.0,12.0,16.0,6.0,56,5,7.0,41,20.0,44,33,32,36,12.0,0.0,14.0,212.59999999999997,-0.4736973180076629,1.0540804597701148,19.796934865900383,57107.88863468379,5.32861328125,early
40,EBV,bnlf2b_p0c733_q1hvb5_q8azj3,p0c733,98,6,3.0,4,5.0,4.0,8.0,1.0,2.0,6.0,10,3,3.0,10,2.0,15,6,4,4,1.0,0.0,1.0,215.03673469387758,-0.9602040816326531,1.0148979591836735,20.102040816326532,11140.875064683687,11.54931640625,early
41,EBV,bslf1_p03193,p03193,874,78,27.0,36,44.0,41.0,49.0,34.0,31.0,23.0,104,13,20.0,55,32.0,73,59,55,62,12.0,0.0,26.0,213.12677345537756,-0.22678489702517166,1.0609839816933637,19.975972540045767,97978.28279468426,8.30908203125,early
42,EBV,borf1_p03187,p03187,364,35,4.0,15,14.0,22.0,40.0,8.0,15.0,6.0,33,5,11.0,22,10.0,27,31,17,34,6.0,0.0,9.0,212.0315934065934,-0.27989010989010993,1.0810714285714285,19.49175824175824,39166.112304683724,8.83544921875,late
43,EBV,bkrf4_p0c724_p30117_q3kss1,p0c724,217,11,1.0,19,20.0,2.0,9.0,3.0,3.0,5.0,8,4,6.0,33,9.0,19,37,13,6,3.0,0.0,6.0,213.5400921658986,-1.865437788018433,0.9553456221198157,16.207373271889402,23966.140024683667,4.34423828125,early
44,EBV,bbrf3_p03215_q1hve9_q3ksr7,p03215,405,29,9.0,9,14.0,30.0,13.0,7.0,24.0,12.0,49,11,13.0,22,7.0,19,37,25,48,8.0,0.0,19.0,212.08222222222219,0.5752839506172839,1.0977037037037036,20.219753086419754,45762.02162468378,8.70556640625,late
45,EBV,ebna6_p03204_q3kst0_q69140,p03204,992,85,12.0,51,53.0,19.0,64.0,31.0,29.0,23.0,53,22,24.0,145,69.0,77,88,53,50,20.0,0.0,24.0,213.32812499999997,-1.3170967741935484,0.9951310483870968,17.84576612903226,109060.75393468465,6.79150390625,early
46,EBV,byrf1_ebna2_p12978_q3ksv2_q69022,p12978,487,18,2.0,23,15.0,5.0,30.0,14.0,15.0,6.0,40,10,12.0,135,28.0,29,39,32,18,7.0,0.0,9.0,213.28275154004106,-1.7631211498973307,0.9371868583162218,18.320328542094455,52511.70558468377,6.57275390625,latent
47,EBV,bdlf4_p0ck56_p0ck57,p0ck56,225,11,9.0,9,16.0,9.0,15.0,9.0,8.0,9.0,23,6,6.0,12,9.0,12,18,12,19,4.0,0.0,9.0,212.64577777777777,-0.2602222222222222,1.0519111111111112,20.213333333333335,25431.563544683686,6.12841796875,late
48,EBV,bvrf1_p03233_p0c705_p0c706,p03233,570,69,2.0,25,29.0,22.0,36.0,10.0,19.0,12.0,80,16,21.0,43,27.0,43,42,24,30,6.0,0.0,14.0,212.5838596491228,-0.3007368421052632,1.0685789473684209,18.75263157894737,62421.47808468378,8.07666015625,early
49,EBV,bglf4_p0c6z8_p0c731_p13288,p0c731,429,25,15.0,32,18.0,20.0,29.0,17.0,13.0,19.0,53,15,12.0,24,15.0,21,32,22,23,4.0,0.0,20.0,212.38088578088573,-0.29354312354312356,1.0542657342657342,20.235431235431236,48319.671024683754,5.89599609375,early
50,EBV,bblf4_p03214,p03214,809,69,21.0,38,44.0,38.0,59.0,22.0,29.0,25.0,78,19,33.0,39,25.0,52,53,60,62,9.0,0.0,34.0,212.4631644004944,-0.2662175525339926,1.0680222496909766,19.326328800988875,89795.82466468398,6.51123046875,early
51,EBV,bfrf3_p14348_scp,p14348,176,33,1.0,6,5.0,6.0,15.0,3.0,2.0,5.0,12,1,4.0,12,14.0,14,20,11,9,0.0,0.0,3.0,212.0988636363636,-1.0872159090909088,1.0606250000000002,17.113636363636363,18136.231454683675,10.80419921875,late
52,EBV,balf5_p03198_q1hvc1_q3ksp1,p03198,1015,90,29.0,58,60.0,48.0,70.0,27.0,47.0,48.0,105,15,26.0,52,38.0,70,57,49,78,9.0,0.0,39.0,212.72305418719208,-0.2559211822660099,1.0633694581280788,19.757635467980297,113345.89900468437,7.07861328125,early
53,EBV,bkrf2_p03212_q1hvf6_q3kss3,p03212,137,10,5.0,3,4.0,7.0,10.0,4.0,7.0,2.0,21,1,10.0,3,4.0,7,14,8,10,3.0,0.0,4.0,211.66788321167883,0.21372262773722625,1.0962043795620438,20.64963503649635,15070.726874683683,7.99462890625,late
54,EBV,bdlf3_p03224,p03224,234,25,1.0,4,5.0,4.0,14.0,1.0,10.0,7.0,21,6,11.0,13,3.0,5,28,57,15,2.0,0.0,2.0,210.91752136752135,-0.5280769230769232,1.085,16.21794871794872,23776.18015468368,9.70361328125,late
55,EBV,bilf2_p03218,p03218,248,17,10.0,6,6.0,4.0,17.0,12.0,13.0,5.0,26,2,14.0,16,3.0,14,19,27,23,7.0,0.0,7.0,212.31975806451612,-0.28237903225806454,1.0641129032258063,19.93548387096774,27058.83431468368,8.50048828125,late
56,EBV,bflf2_p0ck47_p0ck48,p0ck47,318,19,12.0,12,16.0,14.0,18.0,15.0,18.0,13.0,36,5,13.0,17,10.0,22,33,16,21,0.0,0.0,8.0,212.90849056603773,-0.4130188679245283,1.054874213836478,19.19182389937107,35338.06284468369,8.30224609375,early
57,EBV,blrf3_q07286,q07286,153,15,3.0,15,11.0,5.0,8.0,6.0,7.0,5.0,10,2,3.0,15,6.0,12,15,2,11,1.0,0.0,1.0,213.02352941176468,-1.0003921568627452,1.016470588235294,17.535947712418302,16762.27531468369,4.80908203125,latent
58,EBV,bxlf2_p03231_q1hvd2_q3ksq3,p03231,706,54,13.0,25,42.0,33.0,48.0,19.0,32.0,30.0,99,22,20.0,26,20.0,28,54,49,54,5.0,0.0,33.0,211.94745042492917,0.10997167138810199,1.0892634560906516,19.74929178470255,78271.23415468395,6.10107421875,late
59,EBV,bnlf1_lmp1_p03230_p0c741_p13198_p29362_q1hvb3,p03230,386,16,4.0,42,9.0,12.0,46.0,19.0,21.0,1.0,73,7,16.0,36,15.0,9,22,12,8,10.0,0.0,8.0,211.14818652849738,-0.30787564766839404,1.0563730569948186,20.88082901554404,41955.8620446838,3.87255859375,latent
60,EBV,bzlf1_p03206_q1hvg1_q3kss8,p03206,245,28,5.0,14,12.0,8.0,10.0,3.0,5.0,9.0,20,3,9.0,29,25.0,12,15,12,17,2.0,0.0,7.0,212.4604081632653,-0.9002857142857142,1.0180408163265307,18.13469387755102,26843.411794683692,5.02783203125,immediate-early
61,EBV,bsrf1_p0ck49_p0ck50_p0ck62,p0ck49,218,23,4.0,10,19.0,6.0,12.0,2.0,7.0,6.0,23,7,6.0,18,9.0,12,16,10,20,5.0,0.0,3.0,212.23532110091745,-0.27853211009174317,1.051559633027523,18.793577981651374,23846.03207468367,4.42626953125,late
62,EBV,bolf1_p03189_q1hvh8_q3ksu7,p03189,1239,193,6.0,61,87.0,36.0,92.0,19.0,32.0,15.0,134,13,10.0,107,26.0,116,99,69,73,19.0,0.0,32.0,212.64753833736884,-0.5165133171912832,1.0589749798224375,18.74899112187248,132667.35243468458,5.64990234375,late
63,EBV,btrf1_p0c734_p30119_q1hvd3,p0c734,404,32,5.0,11,22.0,16.0,18.0,8.0,30.0,20.0,47,10,22.0,36,15.0,19,31,22,31,0.0,0.0,9.0,212.4905940594059,-0.31210396039603966,1.0578960396039603,18.06930693069307,44315.58237468374,9.04736328125,early
64,EBV,lmp2_p0c729_p13285_q1hvj2,p13285,497,48,15.0,14,15.0,19.0,42.0,3.0,23.0,3.0,94,13,15.0,34,10.0,17,40,32,33,9.0,0.0,18.0,210.7784708249497,0.47881287726358135,1.0982897384305834,21.380281690140844,52976.630494683865,4.59033203125,latent
65,EBV,bnrf1_p03179_q1hvj0_q3ksv4,p03179,1318,128,25.0,55,71.0,53.0,126.0,34.0,38.0,23.0,153,31,42.0,91,59.0,87,91,69,92,18.0,0.0,32.0,212.17610015174506,-0.3823065250379363,1.0651138088012138,19.503034901365705,142753.13286468448,6.10107421875,late
66,EBV,bhlf1_p03181,p03181,660,106,17.0,14,15.0,1.0,104.0,16.0,0.0,0.0,19,1,7.0,146,37.0,92,35,35,7,7.0,0.0,1.0,213.62060606060606,-2.272136363636364,0.9626666666666667,18.93030303030303,66204.35717468377,12.44482421875,early
67,EBV,ebna3_p12977_q3kst2_q69138,p12977,944,85,10.0,50,60.0,27.0,69.0,24.0,32.0,18.0,63,25,14.0,124,71.0,64,58,50,65,16.0,0.0,19.0,212.88972457627116,-0.9448728813559323,1.0167055084745762,18.10593220338983,103428.5421946844,5.20556640625,latent
68,EBV,brlf1_p03209_q1hvg0_q3kss7,p03209,605,52,12.0,32,46.0,20.0,33.0,17.0,24.0,31.0,55,17,19.0,53,16.0,39,55,36,33,5.0,0.0,10.0,212.95454545454547,-0.7723636363636364,1.030809917355372,18.239669421487605,66552.4804946838,6.11474609375,immediate-early
69,EBV,ebna-lp_ebna5_p0c732_q1hvi8_q8azk7,q8azk7,506,1,0.0,10,49.0,1.0,84.0,8.0,9.0,0.0,32,1,0.0,90,30.0,91,44,17,37,1.0,0.0,1.0,215.1707509881423,-2.007687747035573,0.9672924901185771,18.387351778656125,54706.833764683804,12.17138671875,latent
70,EBV,bvrf2_p03234_q1hvc7_q3ksp9,p03234,605,71,10.0,31,27.0,17.0,52.0,24.0,15.0,25.0,55,4,13.0,79,28.0,25,45,33,27,2.0,0.0,22.0,212.09471074380164,-1.1186280991735538,1.0203471074380164,18.986776859504133,64062.14309468372,6.31298828125,late
71,EBV,brrf1_p03207_p0c722_p0c723,p03207,310,23,8.0,18,13.0,7.0,13.0,14.0,17.0,15.0,46,8,10.0,13,15.0,17,23,13,18,5.0,0.0,14.0,212.80387096774191,-0.10290322580645167,1.0687419354838708,19.816129032258065,35296.18672468371,7.50244140625,early
72,EBV,bllf3_p03195_q07275_q3kst7,p03195,278,13,4.0,11,10.0,11.0,25.0,12.0,10.0,9.0,34,6,7.0,22,13.0,21,22,19,17,3.0,0.0,9.0,213.04172661870507,-0.580431654676259,1.0522661870503598,19.654676258992804,30932.97167468367,9.79248046875,early
73,EBV,balf2_dbp_p03227_q1hvb8_q3ksn9,p03227,1128,109,29.0,50,61.0,46.0,91.0,20.0,37.0,42.0,112,19,47.0,69,47.0,64,83,63,82,8.0,0.0,49.0,212.11081560283688,-0.43149822695035467,1.060150709219858,19.354609929078013,123043.71959468449,6.46337890625,early
74,EBV,bbrf2_p0c6z9_p29882_q3ksr8,p0c6z9,278,16,9.0,13,14.0,11.0,15.0,10.0,9.0,16.0,41,9,17.0,11,9.0,17,23,14,16,1.0,0.0,7.0,212.8658273381295,-0.32118705035971223,1.0605755395683452,19.586330935251798,31251.96144468368,8.41845703125,late
75,EBV,bdlf2_p03225_p0c742_q3ksq7,p03225,420,40,11.0,16,28.0,22.0,33.0,13.0,7.0,13.0,26,15,17.0,32,11.0,29,23,29,39,2.0,0.0,14.0,212.7302380952381,-0.5789761904761904,1.049547619047619,18.692857142857143,46138.64179468374,6.68212890625,late
76,EBV,bmrf2_p03192_q1hvh3_q3ksu2,p03192,357,35,18.0,2,9.0,30.0,18.0,11.0,20.0,9.0,57,9,5.0,14,4.0,15,30,18,35,6.0,0.0,12.0,211.53753501400558,0.9210644257703081,1.1161344537815125,22.240896358543417,39488.84385468369,8.54150390625,early
77,EBV,bglf5_p03217_q1hve7_q3ksr5,p03217,470,26,13.0,35,25.0,26.0,30.0,4.0,26.0,22.0,39,10,17.0,31,12.0,29,40,26,35,5.0,0.0,19.0,212.43765957446809,-0.3352978723404256,1.0489787234042554,19.26595744680851,52633.234134683844,4.99365234375,early
78,EBV,bglf2_p0ck53_p0ck54_p0ck55,p0ck53,336,26,12.0,12,13.0,13.0,21.0,7.0,10.0,14.0,34,13,15.0,26,9.0,13,17,32,32,4.0,0.0,13.0,211.9973214285714,-0.18059523809523811,1.0610416666666667,19.696428571428573,36863.52674468369,7.52294921875,late
79,EBV,bllf1_p03200_p68343_p68344,p03200,907,65,11.0,31,30.0,24.0,62.0,17.0,28.0,25.0,55,13,52.0,99,25.0,18,103,163,58,8.0,0.0,20.0,211.38401323042999,-1.0632414553472989,1.0322932745314222,16.934950385887543,94373.16769468471,5.23974609375,late
80,EBV,bllf2_p03199_p68345_q3kst3,p03199,148,11,4.0,4,4.0,1.0,4.0,3.0,4.0,5.0,10,5,2.0,33,17.0,20,8,5,7,0.0,0.0,1.0,215.37972972972975,-1.6706756756756755,0.9489864864864864,17.736486486486488,16640.80056468369,12.12353515625,early
81,EBV,bmlf1_bslf2_q04360_q1hvh2_q3ksu1,q04360,479,41,11.0,22,34.0,13.0,20.0,13.0,18.0,21.0,46,7,15.0,39,16.0,43,46,34,24,5.0,0.0,11.0,213.58893528183714,-0.7893528183716075,1.0287265135699373,18.402922755741127,53458.23181468373,8.50732421875,early
82,EBV,balf4_p03188_p0c762_p0c763,p03188,857,62,11.0,40,45.0,39.0,54.0,14.0,41.0,33.0,72,19,42.0,42,45.0,57,64,82,57,7.0,0.0,31.0,212.73920653442238,-0.4771411901983664,1.0617852975495916,17.976662777129523,95579.2557646841,8.05615234375,late
83,EBV,brrf2_p03210_q1hvf8_q3kss5,p03210,537,46,11.0,33,32.0,16.0,48.0,16.0,21.0,16.0,61,7,15.0,39,23.0,24,58,26,35,4.0,0.0,6.0,211.66294227188078,-0.6658100558659219,1.0501117318435753,18.71508379888268,56919.49808468383,4.76123046875,late
84,EBV,bflf1_p03184,p03184,525,40,20.0,29,18.0,24.0,34.0,17.0,28.0,21.0,69,10,18.0,36,19.0,23,35,34,28,5.0,0.0,17.0,212.05923809523807,-0.17112380952380954,1.0606285714285713,20.260952380952382,57874.393934683816,6.60009765625,late
85,EBV,bzlf2_p03205_p0c6z5_q1hvg2,p03205,223,12,11.0,4,9.0,14.0,13.0,6.0,6.0,13.0,15,1,11.0,19,7.0,8,12,19,24,6.0,0.0,13.0,212.42600896860984,-0.27968609865470856,1.0417937219730942,21.430493273542602,25240.60333468369,8.50732421875,late
86,EBV,bnlf2a_p0c737_p0c738_p0c739,p0c739,60,2,4.0,2,4.0,1.0,3.0,2.0,1.0,0.0,15,1,0.0,5,2.0,4,6,2,6,0.0,0.0,0.0,212.04166666666666,0.3641666666666665,1.0591666666666668,22.416666666666668,6535.465244683701,5.32177734375,early
87,EBV,bbrf1_p03213_q1hvf2_q3ksr9,q3ksr9,613,47,11.0,30,41.0,22.0,34.0,14.0,38.0,30.0,58,8,25.0,31,23.0,39,54,39,40,5.0,0.0,24.0,212.7725938009788,-0.4415008156606851,1.0569983686786295,18.41435562805873,68411.953544684,6.72314453125,late
88,EBV,bglf3_p03220,p03220,332,28,12.0,22,24.0,11.0,17.0,6.0,10.0,10.0,42,11,10.0,25,14.0,19,15,15,19,8.0,0.0,14.0,212.56234939759034,-0.1280120481927711,1.045210843373494,20.44578313253012,37683.51771468372,4.50830078125,early
89,EBV,bdlf1_p25214,p25214,301,18,4.0,18,13.0,8.0,16.0,10.0,13.0,7.0,47,14,9.0,16,13.0,13,22,16,29,2.0,0.0,13.0,212.04451827242522,0.13026578073089704,1.0835548172757474,19.07308970099668,33602.24865468371,5.11669921875,late
90,EBV,bxrf1_p03232,p03232,248,26,8.0,7,6.0,10.0,19.0,5.0,2.0,12.0,32,2,5.0,20,15.0,25,16,18,15,2.0,0.0,3.0,213.3137096774193,-0.6560080645161291,1.0488709677419354,20.322580645161292,27045.379774683686,11.35107421875,late
91,EBV,balf1_p0ck58_p0ck59,p0ck58,220,24,3.0,15,5.0,9.0,6.0,6.0,8.0,10.0,29,5,3.0,15,1.0,20,16,10,18,5.0,0.0,12.0,213.35136363636357,0.028863636363636307,1.0722272727272726,20.272727272727273,25132.28414468369,9.86767578125,early
92,EBV,blrf2_p03197_p0c717_q3kst5,p0c717,162,17,1.0,6,11.0,0.0,9.0,0.0,5.0,11.0,11,8,6.0,12,9.0,19,16,9,12,0.0,0.0,0.0,214.07407407407408,-1.1672222222222222,1.0314814814814817,16.061728395061728,17676.288864683684,11.37841796875,late
93,EBV,bcrf1_p03180_p0c6z6_p0cap9_p25215,p03180,170,10,6.0,10,16.0,10.0,6.0,2.0,7.0,13.0,23,6,9.0,5,10.0,11,6,6,8,0.0,0.0,6.0,213.41882352941175,-0.12288235294117651,1.0531176470588235,19.676470588235293,19901.07124468369,5.67724609375,late
94,EBV,bhrf1_p03182_p0c6z1_p0c736,p03182,191,10,6.0,8,14.0,8.0,12.0,9.0,11.0,0.0,27,4,6.0,6,3.0,16,15,14,11,6.0,0.0,5.0,213.065445026178,0.1780628272251309,1.07717277486911,20.413612565445025,21879.000444683687,5.78662109375,early
95,EBV,bglf1_p03222,p03222,507,55,9.0,16,33.0,16.0,52.0,18.0,25.0,12.0,49,7,9.0,33,18.0,36,35,29,37,6.0,0.0,12.0,212.3765285996055,-0.4720315581854043,1.0674161735700196,19.118343195266274,54427.97769468378,7.02392578125,late
96,KSHV,f5h982_orf69,f5h982,302,21,11.0,15,8.0,13.0,15.0,13.0,12.0,14.0,35,10,11.0,17,9.0,18,32,21,22,0.0,0.0,5.0,212.5539735099338,-0.39397350993377483,1.0598344370860926,18.90728476821192,33136.8622646837,8.71240234375,early
97,KSHV,f5hgb6_orf29,f5hgb6,687,61,17.0,28,31.0,34.0,31.0,25.0,38.0,32.0,64,18,30.0,31,31.0,32,55,51,50,5.0,0.0,23.0,212.45371179039304,-0.25154294032023283,1.0700727802037846,18.4745269286754,76479.75265468402,7.82373046875,late
98,KSHV,lana1_orf73_q9qr71,q9qr71,1129,27,11.0,86,245.0,10.0,39.0,14.0,18.0,27.0,52,8,17.0,131,237.0,48,72,36,34,5.0,0.0,12.0,213.725952170062,-1.8290699734278122,0.9372453498671391,15.310008857395925,131267.86603468293,3.62646484375,latent
99,KSHV,orf4_q2hrd4,q2hrd4,550,29,19.0,22,30.0,18.0,33.0,15.0,25.0,33.0,35,7,42.0,44,19.0,19,43,71,21,6.0,0.0,19.0,212.4930909090909,-1.0020363636363634,1.0205090909090908,18.3,60622.45258468394,7.03759765625,late
100,KSHV,mcp_orf25_q2hra7,q2hra7,1376,132,24.0,69,70.0,62.0,77.0,52.0,59.0,50.0,125,50,60.0,78,61.0,73,71,86,115,4.0,0.0,58.0,212.5658430232558,-0.2970712209302325,1.0683066860465116,18.274709302325583,153321.04413468446,6.36083984375,late
101,KSHV,f5hgn8_orf26,f5hgn8,305,19,7.0,24,10.0,12.0,11.0,6.0,14.0,6.0,44,9,10.0,17,14.0,20,26,16,26,2.0,0.0,12.0,212.39540983606554,0.0562622950819672,1.0709180327868852,19.147540983606557,34350.53397468369,5.00048828125,late
102,KSHV,f5hde4_orf45,f5hde4,407,33,3.0,37,30.0,10.0,28.0,7.0,13.0,6.0,20,7,8.0,46,14.0,25,62,24,23,4.0,0.0,7.0,212.1169533169533,-1.273882063882064,1.0070024570024572,16.643734643734643,43300.444194683754,4.04345703125,immediate-early
103,KSHV,orf49_q2hr83,q2hr83,302,20,10.0,14,15.0,14.0,11.0,14.0,14.0,12.0,42,4,10.0,15,15.0,15,19,20,20,5.0,0.0,13.0,212.78046357615892,-0.017913907284768223,1.0649668874172185,20.337748344370862,34578.65431468369,6.70947265625,early
104,KSHV,f5hi25_orf28,f5hi25,102,10,3.0,2,1.0,2.0,9.0,1.0,6.0,1.0,10,5,0.0,10,3.0,7,5,10,12,1.0,0.0,4.0,211.86470588235287,0.10401960784313721,1.0847058823529412,19.49019607843137,10853.738554683696,9.77880859375,late
105,KSHV,f5hid2_orf59,f5hid2,396,20,6.0,22,19.0,14.0,37.0,10.0,14.0,25.0,36,2,8.0,25,11.0,22,43,34,41,4.0,0.0,3.0,212.23005050505049,-0.7672727272727273,1.0522979797979797,18.84090909090909,42352.050324683754,8.91748046875,early
106,KSHV,orf64_q2hr64,q2hr64,2635,266,22.0,131,164.0,77.0,130.0,69.0,137.0,100.0,271,37,66.0,259,141.0,162,175,197,145,25.0,0.0,61.0,212.85149905123342,-0.6518747628083492,1.0401062618595824,18.069829222011386,289510.91203468305,6.10107421875,late
107,KSHV,k14_p0c788,p0c788,271,26,9.0,12,6.0,7.0,24.0,7.0,14.0,3.0,23,3,11.0,19,13.0,12,22,26,22,8.0,0.0,4.0,211.43431734317343,-0.3865313653136531,1.0644649446494463,19.273062730627306,28764.346494683683,6.13525390625,early
108,KSHV,orf57_q2hr75,q2hr75,455,36,10.0,28,25.0,20.0,31.0,10.0,26.0,21.0,38,12,13.0,29,23.0,45,32,20,26,3.0,0.0,7.0,213.55582417582417,-0.6193186813186814,1.046021978021978,18.39120879120879,50980.163814683794,9.47119140625,early
109,KSHV,f5hez4_orf71,f5hez4,188,10,4.0,12,9.0,8.0,10.0,8.0,5.0,3.0,36,6,2.0,9,8.0,17,12,12,11,1.0,0.0,5.0,213.28351063829788,0.08393617021276596,1.075691489361702,20.29787234042553,21460.185654683675,6.78466796875,latent
110,KSHV,orf52_q2hr80,q2hr80,131,19,1.0,10,6.0,1.0,9.0,0.0,4.0,11.0,11,3,3.0,7,4.0,14,7,13,8,0.0,0.0,0.0,213.4442748091603,-1.0222900763358778,1.05206106870229,17.076335877862597,13988.477564683692,10.74267578125,late
111,KSHV,orf61_q2hr67,q2hr67,792,67,29.0,39,44.0,40.0,52.0,23.0,27.0,32.0,79,24,29.0,38,33.0,45,54,33,61,11.0,0.0,32.0,212.42702020202023,-0.18448232323232325,1.063232323232323,19.94823232323232,88747.92413468417,6.43603515625,early
112,KSHV,orf19_q2hrb3,q2hrb3,549,47,3.0,26,22.0,32.0,29.0,16.0,23.0,19.0,68,14,25.0,44,28.0,36,36,34,30,6.0,0.0,11.0,212.912204007286,-0.37,1.0594535519125683,18.7304189435337,61384.8681846838,9.47119140625,late
113,KSHV,f5hin0_orf56,f5hin0,843,48,25.0,42,42.0,50.0,53.0,30.0,40.0,34.0,93,12,18.0,44,39.0,59,67,48,59,9.0,0.0,31.0,212.92906287069985,-0.22342823250296562,1.0609489916963226,19.998813760379598,95492.65368468422,7.93310546875,early
114,KSHV,orf34_q2hr98,q2hr98,327,21,10.0,16,14.0,12.0,27.0,10.0,18.0,13.0,44,5,12.0,23,16.0,11,20,20,17,5.0,0.0,13.0,211.8590214067278,-0.2394801223241591,1.0593272171253822,20.440366972477065,36056.30230468371,5.88916015625,early
115,KSHV,f5h8y5_orf62,f5h8y5,331,25,4.0,13,14.0,20.0,25.0,10.0,6.0,11.0,38,12,8.0,23,14.0,18,24,25,31,2.0,0.0,8.0,212.297583081571,-0.2577643504531722,1.0718731117824771,19.187311178247736,36312.588144683694,8.13818359375,late
116,KSHV,orf48_q2hr85,q2hr85,402,23,16.0,25,27.0,13.0,25.0,13.0,22.0,10.0,43,10,9.0,26,13.0,24,36,22,31,6.0,0.0,8.0,212.39104477611937,-0.26084577114427865,1.0490796019900497,19.445273631840795,44530.09618468379,4.91845703125,immediate-early
117,KSHV,f5hic6_virf-3,f5hic6,566,39,14.0,45,36.0,18.0,44.0,18.0,23.0,19.0,53,9,14.0,35,13.0,46,46,27,48,7.0,0.0,12.0,212.83056537102473,-0.56839222614841,1.0468374558303888,19.01766784452297,62468.34503468387,5.51318359375,latent
118,KSHV,orf54_q2hr78,q2hr78,295,16,6.0,12,16.0,16.0,23.0,11.0,16.0,11.0,25,8,10.0,25,7.0,25,17,18,22,2.0,0.0,9.0,213.428813559322,-0.49538983050847446,1.0475593220338983,19.152542372881356,33167.03774468368,9.33447265625,latent
119,KSHV,dbp_orf6_q2hrd3,q2hrd3,1132,79,28.0,46,64.0,52.0,76.0,29.0,60.0,60.0,113,23,51.0,65,51.0,42,82,66,91,9.0,0.0,45.0,212.12906360424026,-0.30334805653710245,1.0621113074204946,19.20583038869258,125328.6478146844,6.42236328125,early
120,KSHV,orf37_q2hr95,q2hr95,486,39,13.0,30,21.0,30.0,24.0,14.0,23.0,29.0,45,6,18.0,28,20.0,23,36,22,34,7.0,0.0,24.0,212.53148148148145,-0.2841975308641976,1.0565637860082304,19.84156378600823,55040.73507468382,7.32470703125,early
121,KSHV,f5haw0_orf60,f5haw0,305,26,5.0,20,18.0,22.0,10.0,10.0,22.0,11.0,30,7,15.0,11,8.0,18,18,16,23,3.0,0.0,12.0,212.78196721311474,0.1131147540983607,1.0804590163934427,18.63606557377049,34975.758294683714,5.47216796875,early
122,KSHV,f5hai6_orf42,f5hai6,278,16,11.0,12,20.0,13.0,11.0,14.0,11.0,15.0,30,13,9.0,19,2.0,15,19,20,23,0.0,0.0,5.0,213.04856115107913,-0.28309352517985614,1.048525179856115,19.093525179856115,31204.702724683677,6.70947265625,late
123,KSHV,f5hdy6_orf27,f5hdy6,290,21,12.0,18,14.0,12.0,15.0,6.0,15.0,6.0,27,7,14.0,25,3.0,17,23,19,20,4.0,0.0,12.0,212.27068965517242,-0.26272413793103455,1.0431379310344828,19.551724137931036,32165.763964683687,4.91162109375,late
124,KSHV,f5him6_orf23,f5him6,404,32,11.0,15,29.0,18.0,19.0,12.0,22.0,18.0,49,12,15.0,30,8.0,29,27,18,30,1.0,0.0,9.0,213.09232673267323,-0.21641089108910888,1.0552722772277225,19.146039603960396,45142.50005468371,7.77587890625,late
125,KSHV,f5hgj3_orf16_vbcl2,f5hgj3,175,19,2.0,5,9.0,7.0,16.0,3.0,9.0,4.0,26,8,6.0,7,5.0,14,9,8,9,3.0,0.0,6.0,212.51771428571428,0.16742857142857148,1.0988,19.88,19391.13551468369,9.51904296875,immediate-early
126,KSHV,orf65_q2hr63_scp,q2hr63,170,17,0.0,11,5.0,3.0,12.0,8.0,5.0,7.0,14,4,3.0,12,8.0,14,18,13,9,0.0,0.0,7.0,213.15058823529412,-1.075,1.0463529411764705,17.229411764705883,18557.410044683686,9.92919921875,late
127,KSHV,f5hf68_virf-1,f5hf68,449,35,19.0,18,27.0,17.0,46.0,9.0,20.0,15.0,33,7,15.0,42,16.0,32,31,21,33,8.0,0.0,5.0,212.4378619153675,-0.6834743875278396,1.0332293986636971,19.91314031180401,48429.197744683755,7.33837890625,early
128,KSHV,orf20_q2hrb2,q2hrb2,257,22,6.0,6,8.0,7.0,18.0,11.0,9.0,21.0,24,2,6.0,24,9.0,22,17,22,14,3.0,0.0,6.0,213.85175097276263,-1.0055642023346303,1.03147859922179,19.603112840466927,28395.191344683655,11.02294921875,late
129,KSHV,f5hcv3_orf50,f5hcv3,691,68,19.0,32,32.0,20.0,39.0,7.0,29.0,25.0,71,14,17.0,72,33.0,29,65,57,43,4.0,0.0,15.0,211.8068017366136,-0.5821128798842258,1.0392764109985528,18.599131693198263,73632.30037468394,5.21240234375,immediate-early
130,KSHV,orf18_q2hrb4,q2hrb4,257,20,7.0,8,16.0,12.0,20.0,6.0,6.0,7.0,40,8,14.0,10,5.0,18,12,7,21,6.0,0.0,14.0,212.5875486381323,0.24715953307392988,1.0850972762645914,21.44747081712062,29267.931744683698,7.47509765625,early
131,KSHV,f5hef2_orf33,f5hef2,334,17,14.0,13,10.0,13.0,28.0,10.0,13.0,10.0,36,10,15.0,23,6.0,22,25,17,37,4.0,0.0,11.0,212.311377245509,-0.1691616766467066,1.0635329341317366,20.356287425149702,36707.6886446837,8.39111328125,late
132,KSHV,orf75_q9qr70,q9qr70,1296,108,23.0,47,73.0,42.0,97.0,41.0,45.0,23.0,151,24,37.0,94,56.0,81,97,94,110,21.0,0.0,32.0,212.38078703703704,-0.3347608024691358,1.0627160493827161,19.22145061728395,141590.43105468445,6.22412109375,latent
133,KSHV,orf9_q2hrd0,q2hrd0,1012,63,27.0,63,50.0,54.0,59.0,19.0,58.0,53.0,99,16,25.0,64,45.0,58,66,70,81,7.0,0.0,35.0,212.57262845849803,-0.2601383399209486,1.0571442687747035,19.34683794466403,113254.09593468427,6.75732421875,early
134,KSHV,f5hfa1_orf46,f5hfa1,255,12,6.0,14,9.0,11.0,16.0,10.0,11.0,10.0,37,2,6.0,14,15.0,17,24,14,14,10.0,0.0,3.0,212.92313725490195,-0.239843137254902,1.0577254901960786,20.83921568627451,28989.992784683698,8.43212890625,early
135,KSHV,f5h9w4_orf67a,f5h9w4,80,8,3.0,5,3.0,3.0,0.0,1.0,4.0,3.0,9,2,2.0,4,6.0,7,4,5,7,0.0,0.0,4.0,213.38500000000005,0.040875000000000085,1.0643749999999998,18.7625,9228.775124683696,8.39111328125,late
136,KSHV,k15_q9qr69,q9qr69,489,28,16.0,10,12.0,24.0,27.0,13.0,35.0,16.0,70,11,22.0,22,17.0,17,43,47,34,13.0,0.0,12.0,211.8116564417178,0.29914110429447854,1.0898568507157462,20.378323108384457,54280.31039468383,8.46630859375,latent
137,KSHV,f5hdd0_orf39,f5hdd0,400,36,10.0,10,12.0,22.0,10.0,12.0,31.0,12.0,44,20,14.0,19,11.0,15,30,24,40,8.0,0.0,20.0,212.09900000000002,0.5748000000000001,1.100725,19.3575,45333.40645468373,8.13818359375,late
138,KSHV,orf72_q77q36,q77q36,257,21,6.0,14,13.0,10.0,11.0,6.0,13.0,10.0,43,3,8.0,11,12.0,8,26,17,18,3.0,0.0,4.0,211.59455252918283,0.06354085603112837,1.080077821011673,19.525291828793776,28082.629504683693,4.85693359375,latent
139,KSHV,k12_q77q38,q77q38,60,6,1.0,2,0.0,2.0,6.0,2.0,2.0,0.0,7,1,1.0,6,1.0,6,2,3,10,2.0,0.0,0.0,212.61000000000004,0.051000000000000024,1.0876666666666668,20.716666666666665,6437.5512746836985,12.17822265625,latent
140,KSHV,orf74_q98146,q98146,342,22,12.0,12,8.0,19.0,18.0,4.0,19.0,6.0,58,8,12.0,7,7.0,23,29,19,35,7.0,0.0,17.0,211.99736842105264,0.7952923976608187,1.1137719298245614,21.41812865497076,38643.37026468373,8.54833984375,early
141,HCMV,b9vxm8_f5hg51_p17149_ul70,b9vxm8,946,74,21.0,55,49.0,46.0,39.0,48.0,23.0,17.0,111,9,24.0,65,31.0,84,60,66,75,8.0,0.0,41.0,213.51268498942918,-0.33543340380549685,1.0533192389006343,19.505285412262158,107788.77193468448,7.01025390625,early
142,HCMV,f5hdk1_p09703_us27,p09703,362,19,15.0,9,15.0,21.0,16.0,9.0,24.0,14.0,42,13,24.0,10,11.0,18,14,25,35,8.0,0.0,20.0,212.55441988950273,0.5005801104972375,1.091270718232044,20.599447513812155,41966.406874683744,8.19970703125,late
143,HCMV,p09727_q6svz5_q8uzk5_us11,p09727,215,11,5.0,8,16.0,7.0,7.0,3.0,4.0,4.0,30,7,2.0,19,7.0,16,14,11,21,9.0,0.0,14.0,213.22186046511624,0.2334418604651162,1.051953488372093,21.488372093023255,25247.81485468371,5.29443359375,early
144,HCMV,f5he05_p09713_p60503_us2,p09713,199,10,4.0,12,7.0,10.0,13.0,3.0,11.0,8.0,19,10,11.0,8,3.0,11,10,9,21,10.0,0.0,9.0,212.48994974874367,0.34045226130653267,1.0844221105527638,20.633165829145728,23095.597384683686,7.02392578125,early
145,HCMV,f5hb40_p16727_p29839_ul84,p16727,586,40,9.0,36,37.0,16.0,30.0,19.0,17.0,19.0,79,8,17.0,44,18.0,57,45,52,31,3.0,0.0,9.0,213.63174061433443,-0.6626109215017066,1.0402047781569965,18.633105802047783,65387.897194683945,7.90576171875,early
146,HCMV,p16730_q6sw55_ul87,p16730,941,77,32.0,33,50.0,34.0,63.0,39.0,26.0,30.0,106,13,34.0,45,23.0,89,72,51,87,6.0,0.0,31.0,213.27566418703503,-0.3605419766206163,1.0631030818278426,19.725823591923486,104736.9356846844,9.28662109375,early
147,HCMV,f5hfa5_p16770_ul117,f5hfa5,425,52,6.0,17,10.0,16.0,23.0,14.0,17.0,14.0,36,9,12.0,40,16.0,26,31,36,38,1.0,0.0,11.0,212.42399999999995,-0.5496705882352941,1.0594588235294118,17.985882352941175,45563.71784468375,9.84033203125,early
148,HCMV,f5hay6_p16767_ul36,f5hay6,476,26,19.0,38,29.0,24.0,32.0,21.0,17.0,14.0,39,21,10.0,26,15.0,39,19,27,33,5.0,0.0,22.0,213.35063025210084,-0.29762605042016804,1.0476890756302522,19.73739495798319,54887.427944683826,5.78662109375,immediate-early
149,HCMV,f5ham0_q68396_ul144,q68396,176,6,16.0,2,3.0,5.0,11.0,7.0,12.0,8.0,16,3,10.0,7,13.0,7,9,19,14,1.0,0.0,7.0,212.20397727272723,-0.1488068181818182,1.0548863636363637,20.806818181818183,19610.729704683694,8.37744140625,latent
150,HCMV,p16743_q6swc3_ul7,p16743,222,13,4.0,4,7.0,9.0,16.0,5.0,15.0,8.0,26,3,16.0,9,5.0,8,19,25,18,6.0,0.0,6.0,211.79369369369368,-0.028288288288288325,1.0877027027027026,19.33783783783784,24337.66814468369,9.21142578125,late
151,HCMV,b9vxq2_p16801_q6sw48_ul95,b9vxq2,527,60,15.0,28,33.0,15.0,34.0,9.0,7.0,15.0,52,7,16.0,33,9.0,44,55,24,50,4.0,0.0,17.0,212.4683111954459,-0.5184060721062619,1.0538519924098673,19.055028462998102,56923.61249468378,6.51123046875,early
152,HCMV,p09695_q6svx2_trs1,p09695,788,115,13.0,33,37.0,14.0,80.0,21.0,10.0,16.0,82,17,16.0,73,27.0,67,35,48,49,16.0,0.0,19.0,212.57563451776647,-0.6813578680203046,1.0537563451776648,19.568527918781726,83928.84379468404,8.95166015625,immediate-early
153,HCMV,f5hgg3_p16762_ul26,f5hgg3,222,22,3.0,14,13.0,7.0,19.0,6.0,7.0,3.0,24,4,5.0,9,7.0,28,12,10,19,2.0,0.0,8.0,213.62567567567564,-0.3511261261261262,1.0726126126126125,19.045045045045047,24851.834994683682,9.17724609375,early
154,HCMV,p16749_q6sw73_ul69,p16749,744,59,14.0,57,36.0,17.0,46.0,42.0,17.0,20.0,63,19,19.0,72,42.0,58,63,43,31,3.0,0.0,23.0,213.36317204301076,-1.1445564516129034,1.0164784946236558,17.93548387096774,82626.23768468414,6.27197265625,immediate-early
155,HCMV,f5hen7_q7m6n6_scp,q7m6n6,75,6,1.0,3,4.0,2.0,1.0,3.0,1.0,5.0,8,4,4.0,4,0.0,7,6,7,8,0.0,0.0,1.0,214.11466666666666,-0.5270666666666668,1.0570666666666666,17.333333333333332,8475.4489846837,10.48291015625,late
156,HCMV,f5hdc7_p09722_us22,f5hdc7,576,43,18.0,42,36.0,20.0,42.0,13.0,13.0,17.0,60,14,18.0,42,24.0,46,24,39,32,11.0,0.0,22.0,213.03246527777776,-0.49909722222222225,1.0385069444444444,19.947916666666668,65005.91801468394,5.27392578125,early
157,HCMV,f5ha93_p16783_ul46,p16783,290,23,7.0,15,17.0,10.0,15.0,8.0,14.0,10.0,39,5,6.0,11,7.0,26,16,20,24,4.0,0.0,13.0,213.24724137931034,0.06127586206896553,1.0781379310344827,19.97241379310345,33006.26637468369,8.24755859375,late
158,HCMV,f5ha06_q6swn9_ul147,f5ha06,159,12,5.0,5,8.0,5.0,3.0,4.0,10.0,10.0,27,2,10.0,7,4.0,13,6,7,9,4.0,0.0,8.0,213.788679245283,0.21540880503144655,1.070503144654088,21.11320754716981,18706.073004683683,9.81982421875,late
159,HCMV,f5haz3_p09701_us23,f5haz3,592,43,15.0,56,55.0,29.0,40.0,21.0,15.0,8.0,54,17,17.0,25,16.0,64,17,23,45,14.0,0.0,18.0,213.7991554054054,-0.2804560810810811,1.0498141891891892,19.56756756756757,68842.34979468395,4.69970703125,early
160,HCMV,f5hg98_p16779_ul38,f5hg98,331,34,3.0,16,21.0,11.0,13.0,10.0,12.0,10.0,29,13,5.0,25,14.0,21,30,17,33,6.0,0.0,8.0,212.7513595166163,-0.3246525679758309,1.0588217522658612,17.993957703927492,36729.65689468367,5.91650390625,early
161,HCMV,f5hfz4_p16794_ul53,f5hfz4,376,24,10.0,15,20.0,11.0,10.0,25.0,23.0,11.0,31,10,21.0,28,18.0,24,45,19,20,0.0,0.0,11.0,213.36702127659575,-0.8136968085106384,1.031781914893617,17.170212765957448,42274.949554683706,7.30419921875,late
162,HCMV,p16791_q6sw81_ul50,p16791,397,45,15.0,10,25.0,7.0,29.0,12.0,8.0,15.0,38,7,11.0,34,5.0,34,40,18,28,8.0,0.0,8.0,212.91410579345086,-0.7084886649874055,1.0371536523929472,19.828715365239294,42873.727984683755,8.95849609375,late
163,HCMV,f5hig1_p16827_ul102,p16827,873,98,25.0,42,51.0,37.0,86.0,34.0,15.0,10.0,88,4,12.0,45,17.0,69,68,42,91,15.0,0.0,24.0,212.20446735395186,-0.297938144329897,1.0733218785796106,20.209621993127147,93991.30736468446,6.17626953125,early
164,HCMV,f5hf35_q6swn0_ul136,f5hf35,240,23,6.0,17,12.0,4.0,16.0,8.0,5.0,4.0,16,11,5.0,17,5.0,27,15,14,21,8.0,0.0,6.0,213.69499999999996,-0.5520833333333334,1.0443749999999998,18.933333333333334,27042.300544683672,7.89208984375,latent
165,HCMV,p16720_q6swc4_ul6,p16720,284,21,9.0,5,6.0,10.0,19.0,7.0,5.0,6.0,27,8,16.0,9,8.0,20,30,31,28,10.0,0.0,9.0,212.3823943661972,-0.15669014084507044,1.08056338028169,19.746478873239436,31425.720724683677,9.99072265625,late
166,HCMV,p16771_ul127,p16771,131,8,1.0,4,3.0,8.0,4.0,5.0,15.0,8.0,7,3,5.0,9,6.0,11,17,7,1,1.0,0.0,8.0,214.00534351145035,-0.6128244274809159,1.047709923664122,17.53435114503817,15237.896114683688,10.53759765625,early
167,HCMV,p06434_p06435_p19893_q6sw29_q6swp7_ul122,p19893,580,39,13.0,27,42.0,14.0,32.0,14.0,26.0,36.0,43,17,25.0,53,22.0,28,64,47,31,1.0,0.0,6.0,212.65862068965518,-1.0593620689655174,1.019206896551724,17.28448275862069,62835.3299646838,6.29248046875,immediate-early
168,HCMV,f5h8s6_p09700_us24,f5h8s6,501,38,9.0,28,35.0,16.0,27.0,22.0,18.0,11.0,48,16,9.0,33,14.0,57,17,32,42,9.0,0.0,20.0,214.28263473053892,-0.33049900199600796,1.0523353293413173,19.17564870259481,57988.59350468381,8.22705078125,early
169,HCMV,dbp_f5hdq6_p17147_ul57,p17147,1235,116,30.0,67,61.0,66.0,117.0,33.0,29.0,42.0,136,19,38.0,51,41.0,74,96,58,113,5.0,0.0,43.0,211.9157894736842,-0.28005668016194335,1.0774331983805667,19.74251012145749,133794.4878446847,6.26513671875,early
170,HCMV,f5hg68_p16757_ul16,p16757,230,10,8.0,10,12.0,7.0,12.0,5.0,14.0,5.0,29,4,9.0,9,6.0,21,19,20,18,4.0,0.0,8.0,213.15391304347824,-0.0020000000000000347,1.069,19.68695652173913,26130.471374683693,8.15869140625,early
171,HCMV,f5hgt1_mcp_p16729_ul86,p16729,1370,118,25.0,66,78.0,63.0,60.0,50.0,58.0,45.0,152,36,62.0,79,43.0,82,70,121,103,8.0,0.0,51.0,212.82175182481754,-0.21316788321167882,1.0666058394160585,18.616788321167885,153774.20730468442,6.30615234375,late
172,HCMV,f5het1_p16751_ul78,f5het1,431,44,12.0,20,18.0,23.0,23.0,7.0,20.0,8.0,51,16,6.0,12,7.0,23,40,32,46,7.0,0.0,16.0,211.62134570765662,0.4664733178654291,1.1058004640371228,19.647331786542924,47326.062824683766,5.41748046875,early
173,HCMV,f5hhh2_ul142,f5hhh2,305,11,4.0,5,13.0,9.0,13.0,12.0,20.0,8.0,23,2,28.0,12,12.0,10,30,45,21,8.0,0.0,19.0,212.43836065573768,-0.4238032786885246,1.0639344262295083,17.85573770491803,34604.13081468369,7.33154296875,late
174,HCMV,p16793_q6sw79_ul52,p16793,668,55,27.0,38,38.0,27.0,39.0,29.0,20.0,20.0,67,12,26.0,37,27.0,36,46,50,46,6.0,0.0,22.0,212.4456586826347,-0.42742514970059875,1.050688622754491,19.396706586826348,74073.19586468393,5.74560546875,late
175,HCMV,f5hb53_p06473_p13201_ul55,p06473,906,62,16.0,45,49.0,34.0,46.0,20.0,48.0,39.0,70,17,52.0,30,37.0,53,87,71,71,8.0,0.0,51.0,212.59845474613684,-0.40671081677704196,1.0645916114790286,18.003311258278146,101939.79454468416,6.83251953125,late
176,HCMV,f5hbc6_p06726_p24429_ul82,p06726,559,40,5.0,30,38.0,24.0,34.0,20.0,25.0,7.0,57,6,19.0,46,22.0,51,50,40,35,5.0,0.0,5.0,213.3221824686941,-0.676046511627907,1.0421824686940964,17.942754919499105,61910.62204468388,6.06005859375,immediate-early
177,HCMV,f5hi68_p16723_ul19,f5hi68,98,6,2.0,6,6.0,4.0,3.0,2.0,3.0,1.0,10,4,4.0,3,1.0,15,10,8,7,1.0,0.0,2.0,214.69081632653058,-0.3037755102040817,1.060204081632653,17.857142857142858,11371.766134683689,10.07275390625,late
178,HCMV,p16763_q6swa4_ul27,q6swa4,608,66,18.0,35,35.0,24.0,35.0,30.0,16.0,18.0,75,6,12.0,37,21.0,72,26,26,32,5.0,0.0,19.0,214.14490131578947,-0.4769078947368421,1.0504934210526315,19.967105263157894,69099.65949468403,9.22509765625,early
179,HCMV,f5hhs3_p16742_ul124,f5hhs3,150,18,5.0,4,10.0,1.0,4.0,3.0,3.0,2.0,17,1,3.0,14,7.0,5,21,15,14,1.0,0.0,2.0,211.37800000000001,-0.5509333333333334,1.0426666666666664,17.92,15617.835324683687,4.50146484375,late
180,HCMV,p16786_q6sw82_ul49,p16786,570,60,28.0,23,22.0,22.0,35.0,30.0,8.0,11.0,78,6,8.0,26,31.0,59,27,25,51,4.0,0.0,16.0,213.40438596491228,-0.15810526315789475,1.0686491228070176,20.864912280701756,63809.96407468383,8.91064453125,early
181,HCMV,p16778_q6sw94_ul37,p16778,487,29,13.0,16,37.0,16.0,26.0,19.0,13.0,16.0,54,8,27.0,14,13.0,48,33,44,35,14.0,0.0,12.0,213.90061601642708,-0.36061601642710484,1.0580903490759752,19.525667351129364,56089.39233468388,8.73291015625,immediate-early
182,HCMV,p08318_q6sw99_ul32,p08318,1048,100,7.0,60,54.0,28.0,65.0,18.0,25.0,51.0,78,12,33.0,96,45.0,72,118,84,76,11.0,0.0,15.0,212.68616412213737,-1.073425572519084,1.0303148854961832,17.508587786259543,112619.26378468507,9.01318359375,late
183,HCMV,f5hbx1_ul146,f5hbx1,120,1,4.0,3,6.0,5.0,14.0,5.0,5.0,10.0,13,3,8.0,8,1.0,8,4,6,6,3.0,0.0,7.0,213.53916666666663,-0.6075,1.0395833333333333,21.941666666666666,13863.08086468369,9.86767578125,late
184,HCMV,f5haq7_q6swm9_ul135,f5haq7,308,14,7.0,10,14.0,4.0,18.0,4.0,9.0,17.0,27,5,3.0,60,6.0,25,31,28,19,5.0,0.0,2.0,213.54058441558442,-1.331461038961039,0.9749675324675323,19.23701298701299,33259.523174683614,10.52392578125,latent
185,HCMV,f5hc71_p17150_ul111a,p17150,175,6,5.0,11,12.0,5.0,10.0,4.0,5.0,11.0,22,5,2.0,7,5.0,14,17,12,13,3.0,0.0,6.0,213.31428571428566,-0.34708571428571444,1.0507428571428572,19.994285714285713,19994.183044683683,7.98095703125,latent
186,HCMV,p08546_q6sw77_ul54,p08546,1242,88,32.0,70,66.0,60.0,104.0,24.0,48.0,43.0,94,23,40.0,72,39.0,92,102,58,126,8.0,0.0,53.0,212.49001610305962,-0.41245571658615143,1.0592028985507247,19.179549114331724,137014.71420468477,6.92138671875,early
187,HCMV,f5hgq8_ul138,f5hgq8,169,11,4.0,10,9.0,5.0,7.0,5.0,7.0,2.0,18,5,3.0,8,4.0,16,18,9,16,3.0,0.0,9.0,213.18284023668636,-0.06751479289940826,1.0664497041420118,19.159763313609467,19296.70000468369,6.57958984375,latent
188,HCMV,p16782_q6sw87_ul45,p16782,906,76,35.0,47,64.0,43.0,57.0,21.0,23.0,27.0,86,23,21.0,45,21.0,77,77,34,85,20.0,0.0,24.0,212.88002207505517,-0.1769315673289183,1.057991169977925,20.13355408388521,101602.50398468434,6.31982421875,late
189,HCMV,f5hi87_p13200_ul99,p13200,190,8,5.0,18,13.0,3.0,13.0,6.0,5.0,19.0,10,2,4.0,21,10.0,13,21,11,6,0.0,0.0,2.0,213.61842105263153,-1.8786315789473687,0.9705789473684209,17.75263157894737,20910.289914683675,7.63232421875,late
190,HCMV,f7v999_us33a,f7v999,57,2,0.0,1,2.0,5.0,3.0,2.0,1.0,2.0,7,4,0.0,7,1.0,7,2,2,4,1.0,0.0,4.0,215.07543859649124,0.03157894736842101,1.052982456140351,21.228070175438596,6909.646874683698,10.89990234375,immediate-early
191,HCMV,irs1_p09715_q6sw04,p09715,846,111,14.0,43,40.0,15.0,76.0,28.0,11.0,18.0,80,18,13.0,100,35.0,74,43,47,46,17.0,0.0,17.0,212.97234042553188,-0.9259338061465721,1.0303191489361703,19.29432624113475,90991.07112468417,8.38427734375,early
192,HCMV,f5hfj7_p09728_us10,f5hfj7,185,14,8.0,4,11.0,5.0,15.0,4.0,8.0,4.0,26,3,6.0,12,3.0,13,9,14,10,4.0,0.0,12.0,212.53027027027025,0.044432432432432445,1.0652432432432433,21.675675675675677,20757.536774683696,7.70751953125,late
193,HCMV,f5hcu8_p16732_ul89,p16732,674,55,14.0,31,36.0,44.0,25.0,27.0,53.0,33.0,65,13,31.0,19,32.0,41,48,44,35,2.0,0.0,26.0,213.04777448071218,-0.12574183976261127,1.0761869436201779,18.356083086053413,77030.45314468392,8.14501953125,late
194,HCMV,f5hf62_p69332_p69333_us28,p69332,354,20,15.0,15,13.0,27.0,7.0,7.0,27.0,9.0,44,8,7.0,13,9.0,22,30,24,32,7.0,0.0,18.0,212.52881355932206,0.7111016949152543,1.0919209039548021,20.807909604519775,41037.13234468375,7.59814453125,latent
195,HCMV,b9vxd7_f5heu0_p09712_us3,b9vxd7,186,8,2.0,10,7.0,9.0,11.0,8.0,8.0,5.0,21,7,5.0,7,7.0,14,14,7,23,5.0,0.0,8.0,213.08064516129025,0.14080645161290314,1.0861290322580646,19.741935483870968,21501.080724683703,8.69189453125,immediate-early
196,HCMV,f5hac7_p16800_ul94,p16800,345,19,26.0,21,16.0,12.0,29.0,11.0,14.0,13.0,33,10,6.0,18,11.0,20,22,21,24,6.0,0.0,13.0,212.18086956521736,-0.18472463768115943,1.0468115942028984,21.52463768115942,38355.40401468375,6.23095703125,late
197,HCMV,c0h677_p16764_q6swa3_ul29,c0h677,701,60,22.0,34,39.0,41.0,55.0,25.0,21.0,18.0,74,9,10.0,34,16.0,70,55,25,54,11.0,0.0,28.0,213.21911554921536,-0.2020970042796006,1.0660485021398003,20.621968616262482,79002.06512468419,8.44580078125,early
198,HCMV,f5hc79_p16724_ul56,f5hc79,850,54,22.0,48,57.0,22.0,52.0,26.0,36.0,33.0,106,17,40.0,35,32.0,62,62,40,64,5.0,0.0,37.0,212.92270588235291,-0.3326235294117647,1.0595529411764706,19.174117647058825,95750.5668046843,6.23779296875,late
199,HCMV,f5he12_p16766_ul35,p16766,640,44,9.0,35,41.0,26.0,31.0,19.0,14.0,12.0,82,13,19.0,44,27.0,67,58,39,37,2.0,0.0,21.0,213.6953125,-0.528375,1.045953125,18.6984375,72483.94418468405,7.89208984375,immediate-early
200,HCMV,p12824_p17176_q6sw67_ul75,p12824,743,52,13.0,41,30.0,36.0,21.0,30.0,32.0,17.0,108,18,22.0,38,41.0,40,58,63,46,4.0,0.0,33.0,212.64535666218035,-0.012839838492597615,1.0733378196500674,19.004037685060567,84398.04534468391,6.08740234375,late
201,HCMV,f5hen8_p16736_ul105,f5hen8,956,89,20.0,54,53.0,40.0,42.0,26.0,45.0,31.0,87,20,38.0,43,33.0,62,83,66,79,7.0,0.0,38.0,212.58410041841003,-0.2766108786610879,1.0669769874476986,18.239539748953973,106440.5014946844,5.99853515625,early
202,HCMV,p16849_q6sw98_ul33,p16849,412,32,7.0,9,5.0,20.0,17.0,15.0,21.0,9.0,48,11,27.0,15,18.0,23,32,47,32,7.0,0.0,17.0,212.5053398058252,0.028956310679611633,1.0920631067961164,18.72087378640777,46265.85196468381,10.03173828125,early
203,HCMV,p16737_ul106,p16737,125,6,4.0,6,4.0,7.0,6.0,5.0,4.0,2.0,8,2,4.0,11,3.0,20,11,14,4,2.0,0.0,2.0,215.3568,-0.9552,1.0169599999999999,18.808,14491.312574683687,11.75439453125,immediate-early
204,HCMV,p16848_q6swa0_ul31,p16848,595,52,13.0,28,33.0,26.0,38.0,19.0,19.0,15.0,53,10,20.0,38,24.0,36,41,53,48,6.0,0.0,23.0,212.49361344537817,-0.422436974789916,1.0583865546218487,18.81512605042017,65706.78035468391,6.01220703125,late
205,HCMV,f5hcm1_p03169_p13202_ul123,p03169,491,36,14.0,28,63.0,13.0,18.0,7.0,24.0,36.0,35,26,14.0,27,16.0,22,38,29,33,1.0,0.0,11.0,212.877800407332,-0.5664154786150714,1.0321995926680243,17.374745417515275,55142.85206468371,4.50146484375,immediate-early
206,HCMV,p06725_p18139_q6sw59_ul83,p06725,561,38,10.0,28,33.0,19.0,36.0,24.0,25.0,22.0,41,16,18.0,38,31.0,36,41,37,44,9.0,0.0,15.0,213.0680926916221,-0.6538324420677362,1.0450089126559714,18.254901960784313,62858.42827468384,6.79833984375,late
207,HCMV,f5hbr4_p16735_ul104,f5hbr4,697,60,11.0,39,53.0,23.0,48.0,16.0,23.0,26.0,86,8,16.0,36,30.0,72,38,31,54,6.0,0.0,21.0,213.5651362984218,-0.3992252510760402,1.0585365853658535,19.332855093256814,78485.9663846841,8.20654296875,late
208,HCMV,f5hc97_p16790_ul44,p16790,433,18,8.0,24,18.0,19.0,60.0,12.0,16.0,31.0,40,8,26.0,19,12.0,18,38,30,25,1.0,0.0,10.0,211.81177829099306,-0.9389376443418014,1.0560508083140878,19.196304849884527,46204.14655468393,8.68505859375,early
209,HCMV,f5h9n9_p09716_us17,p09716,293,22,12.0,7,7.0,15.0,17.0,5.0,14.0,4.0,50,9,6.0,15,4.0,13,27,28,25,5.0,0.0,8.0,211.38156996587028,0.5976109215017065,1.101296928327645,21.15358361774744,31887.64460468372,7.71435546875,latent
210,HSV_1,icp4_ie175_p08392_rs1,p08392,1298,271,15.0,100,57.0,22.0,142.0,17.0,11.0,8.0,100,11,11.0,161,19.0,139,76,35,63,21.0,0.0,19.0,212.34422187981514,-1.053366718027735,1.0366872110939909,18.834360554699536,132762.83198468524,5.98486328125,immediate-early
211,HSV_1,p10228_p28986_ul44,p10228,511,42,8.0,18,23.0,13.0,42.0,12.0,18.0,9.0,29,9,13.0,65,17.0,33,36,56,43,11.0,0.0,14.0,212.53228962818005,-0.8603326810176125,1.0282387475538162,18.506849315068493,54963.61843468381,7.48876953125,late
212,HSV_1,p03176_p06478_p06479_p08333_p17402_q9qnf7_ul23,p03176,376,46,5.0,19,14.0,8.0,29.0,12.0,17.0,4.0,40,13,9.0,30,18.0,30,17,28,21,4.0,0.0,12.0,212.68164893617023,-0.4225531914893617,1.0651861702127658,18.4281914893617,40945.896134683746,7.67333984375,early
213,HSV_1,p10220_ul36,p10220,3164,499,24.0,172,180.0,85.0,219.0,59.0,55.0,50.0,329,36,46.0,356,135.0,263,192,175,208,32.0,0.0,49.0,212.58075221238937,-0.7387737041719342,1.0433375474083437,18.436788874841973,335655.14555468457,5.86865234375,late
214,HSV_1,p10192_ul8,p10192,750,130,15.0,37,39.0,32.0,60.0,13.0,16.0,9.0,79,5,10.0,60,12.0,58,26,37,77,19.0,0.0,16.0,212.0361333333333,-0.07606666666666667,1.0790266666666666,20.212,79875.46276468402,5.82080078125,early
215,HSV_1,p06485_us2,p06485,291,22,10.0,11,15.0,7.0,14.0,7.0,8.0,4.0,33,6,7.0,40,7.0,27,12,22,26,7.0,0.0,6.0,213.47113402061856,-0.42646048109965634,1.023127147766323,20.254295532646047,32449.81306468368,8.16552734375,late
216,HSV_1,d3ypd5_p06486_us10,p06486,312,29,8.0,13,9.0,9.0,27.0,20.0,6.0,3.0,28,7,8.0,41,7.0,27,20,20,16,4.0,0.0,10.0,213.2919871794872,-0.9864102564102564,1.021826923076923,19.57051282051282,34033.9793946837,9.00634765625,late
217,HSV_1,a1z0q5_p06476_p36318_p57083_q05059_q69091_us6,a1z0q5,394,40,7.0,17,17.0,10.0,26.0,10.0,24.0,12.0,37,8,13.0,43,16.0,24,22,20,25,6.0,0.0,17.0,212.58934010152282,-0.4961421319796955,1.0438578680203046,19.058375634517766,43289.27523468372,7.79638671875,late
218,HSV_1,p03170_us12,p03170,88,9,0.0,7,6.0,1.0,6.0,2.0,2.0,1.0,7,3,3.0,8,0.0,13,4,8,6,1.0,0.0,1.0,214.5181818181818,-0.9552272727272727,1.0331818181818182,17.102272727272727,9787.004594683696,9.73095703125,immediate-early
219,HSV_1,p10218_ul34,p10218,275,27,4.0,10,11.0,12.0,37.0,7.0,12.0,3.0,29,7,5.0,21,8.0,30,14,14,14,5.0,0.0,5.0,212.94799999999998,-0.4697454545454546,1.0688,20.04,29771.4406946837,10.86572265625,late
220,HSV_1,p04487_p56958_us11,p04487,161,9,1.0,9,8.0,0.0,13.0,3.0,3.0,2.0,3,3,1.0,39,6.0,31,10,8,11,0.0,0.0,1.0,216.16086956521735,-2.237329192546584,0.9312422360248445,17.0,17746.31242468369,12.22607421875,late
221,HSV_1,p10217_ul33,p10217,130,19,2.0,11,7.0,4.0,6.0,3.0,4.0,3.0,15,2,2.0,7,5.0,14,5,11,6,1.0,0.0,3.0,213.4030769230769,-0.42176923076923073,1.0626923076923078,18.353846153846153,14428.39864468368,6.33349609375,late
222,HSV_1,p08543_ul39,p08543,1137,114,29.0,71,59.0,46.0,94.0,29.0,30.0,32.0,107,32,36.0,71,33.0,84,83,69,75,10.0,0.0,33.0,212.4504837291117,-0.5138698328935796,1.0564995602462621,19.043975373790676,123971.33624468438,6.08056640625,early
223,HSV_1,p10216_ul32,p10216,596,79,22.0,30,33.0,27.0,54.0,15.0,13.0,15.0,63,7,10.0,41,14.0,44,33,37,38,8.0,0.0,13.0,212.19244966442955,-0.3679194630872484,1.061241610738255,20.322147651006713,63909.08397468381,6.42236328125,late
224,HSV_1,p04289_q68980_ul11,p04289,96,5,4.0,8,6.0,4.0,8.0,3.0,2.0,0.0,4,3,3.0,11,2.0,10,9,6,7,0.0,0.0,1.0,213.2083333333333,-1.1316666666666666,1.0014583333333333,18.020833333333332,10479.905774683695,4.99365234375,late
225,HSV_1,p10208_ul24,p10208,269,26,8.0,7,13.0,7.0,18.0,4.0,10.0,14.0,26,4,2.0,16,10.0,33,21,22,24,0.0,0.0,4.0,213.83011152416353,-0.5707434944237917,1.0575092936802974,18.87732342007435,29457.878744683676,11.32373046875,late
226,HSV_1,p10239_p36296_ul55,p10239,186,22,8.0,6,7.0,7.0,9.0,10.0,9.0,8.0,13,4,5.0,10,2.0,14,16,16,12,2.0,0.0,6.0,213.03870967741935,-0.4615591397849462,1.059301075268817,19.037634408602152,20479.30217468369,9.28662109375,late
227,HSV_1,p04413_us3,p04413,481,47,12.0,34,28.0,16.0,34.0,14.0,26.0,13.0,37,6,9.0,49,15.0,36,30,29,24,3.0,0.0,19.0,212.80644490644488,-0.7262993762993764,1.0305613305613306,18.76923076923077,52801.312564683794,5.45849609375,late
228,HSV_1,p10193_ul9,p10193,851,72,24.0,42,39.0,39.0,62.0,24.0,29.0,17.0,103,24,24.0,48,24.0,69,56,56,66,10.0,0.0,23.0,212.67755581668624,-0.13238542890716806,1.0711868390129258,19.762632197414806,94200.96370468425,7.64599609375,early
229,HSV_1,p10238_p36295_ul54,p10238,512,58,12.0,37,29.0,12.0,47.0,12.0,18.0,9.0,39,9,10.0,59,16.0,54,33,23,22,6.0,0.0,7.0,213.20273437499998,-1.034140625,1.018984375,18.6796875,55218.56922468376,6.47705078125,immediate-early
230,HSV_1,p10210_ul26,p10210,635,102,8.0,28,31.0,12.0,57.0,20.0,16.0,5.0,47,11,11.0,86,21.0,46,39,31,37,4.0,0.0,23.0,212.29181102362202,-0.9668031496062993,1.0323937007874016,18.362204724409448,66429.30530468369,6.20361328125,late
231,HSV_1,p10233_ul49,p10233,301,43,2.0,16,16.0,4.0,20.0,3.0,2.0,7.0,15,5,6.0,37,9.0,39,26,24,19,2.0,0.0,6.0,213.84684385382062,-1.3595016611295683,1.0140863787375416,17.089700996677742,32234.408614683678,10.89306640625,late
232,HSV_1,p06436_p06437_p08665_p10211_ul27,p06436,903,96,11.0,49,53.0,40.0,63.0,21.0,28.0,39.0,61,24,41.0,57,24.0,65,47,70,68,9.0,0.0,37.0,212.87796234772978,-0.5940642303433001,1.0560243632336654,18.26578073089701,100041.03098468432,7.61181640625,late
233,HSV_1,p10240_p36297_ul56,p10240,234,31,2.0,12,10.0,6.0,18.0,3.0,6.0,0.0,17,2,4.0,28,9.0,29,19,11,17,4.0,0.0,6.0,213.40213675213673,-0.8795299145299146,1.033076923076923,18.397435897435898,25305.01801468368,10.35986328125,late
234,HSV_1,p10234_ul50,p10234,371,44,3.0,18,14.0,12.0,40.0,8.0,12.0,5.0,36,6,9.0,37,8.0,28,17,24,38,6.0,0.0,6.0,212.1121293800539,-0.47487870619946093,1.0656064690026954,19.202156334231805,39103.437834683755,7.89892578125,early
235,HSV_1,p10226_ul42,p10226,488,57,7.0,29,21.0,21.0,43.0,6.0,8.0,13.0,44,5,9.0,38,21.0,30,47,46,34,3.0,0.0,6.0,211.77254098360652,-0.7433811475409836,1.0548155737704918,18.352459016393443,51127.683984683805,5.34912109375,early
236,HSV_1,p04291_ul14,p04291,219,35,1.0,17,15.0,4.0,13.0,7.0,3.0,5.0,21,6,2.0,20,8.0,22,12,14,7,3.0,0.0,4.0,213.4264840182648,-0.9093150684931508,1.0364383561643837,17.835616438356166,23918.971724683655,5.76611328125,late
237,HSV_1,p10236_ul52,p10236,1058,145,28.0,64,48.0,45.0,81.0,32.0,36.0,19.0,94,11,21.0,75,35.0,84,58,68,71,7.0,0.0,36.0,212.4445179584121,-0.4524858223062382,1.061531190926276,19.13610586011342,114351.49078468456,6.40869140625,early
238,HSV_1,p04488_q703f0_us8,p04488,550,60,13.0,30,26.0,9.0,38.0,16.0,11.0,6.0,41,10,8.0,65,16.0,38,52,32,50,15.0,0.0,14.0,212.35672727272728,-0.7465272727272728,1.029418181818182,19.081818181818182,59056.23207468377,5.67724609375,late
239,HSV_1,p10219_scp_ul35,p10219,112,14,0.0,4,2.0,7.0,9.0,4.0,1.0,0.0,9,4,6.0,12,6.0,9,5,11,7,1.0,0.0,1.0,212.80357142857142,-0.7610714285714285,1.0554464285714285,17.696428571428573,12088.09156468369,11.59716796875,late
240,HSV_1,p06484_us4,p06484,238,13,3.0,9,14.0,6.0,20.0,7.0,8.0,4.0,20,5,5.0,34,7.0,15,20,30,16,1.0,0.0,1.0,212.6117647058823,-1.0802941176470588,1.0148739495798318,17.80672268907563,25222.790684683667,5.95068359375,late
241,HSV_1,p04486_p06492_ul48,p04486,490,59,6.0,42,29.0,23.0,32.0,13.0,9.0,4.0,65,16,11.0,40,10.0,40,26,26,17,4.0,0.0,18.0,212.67571428571426,-0.33916326530612245,1.0553061224489797,19.255102040816325,54281.80132468385,4.54931640625,late
242,HSV_1,p10235_ul51,p10235,244,41,5.0,13,14.0,2.0,18.0,6.0,8.0,4.0,22,9,3.0,25,6.0,19,15,12,18,1.0,0.0,3.0,212.27909836065572,-0.6419262295081967,1.0512295081967213,17.864754098360656,25453.940764683666,5.82763671875,late
243,HSV_1,mcp_p06491,p06491,1374,190,25.0,78,60.0,59.0,99.0,46.0,26.0,19.0,149,30,58.0,95,53.0,95,49,72,120,9.0,0.0,42.0,212.30385735080057,-0.31654294032023295,1.0713901018922853,18.975982532751093,148989.34557468482,6.00537109375,late
244,HSV_1,p08313_p10231_ul47,p10231,693,112,7.0,44,33.0,23.0,64.0,13.0,6.0,6.0,73,9,5.0,57,17.0,80,37,28,59,6.0,0.0,14.0,212.86724386724387,-0.5422799422799423,1.0651803751803752,19.11111111111111,73771.33510468403,9.26611328125,late
245,HSV_1,icp0_p08393,p08393,775,110,14.0,39,36.0,9.0,94.0,15.0,13.0,8.0,36,11,18.0,103,20.0,66,78,48,43,7.0,0.0,7.0,212.10993548387097,-1.4438709677419355,1.0165032258064515,17.823225806451614,78408.42478468397,6.91455078125,immediate-early
246,HSV_1,p10209_ul25,p10209,580,84,8.0,37,26.0,20.0,48.0,15.0,22.0,5.0,65,11,22.0,32,21.0,47,25,31,38,4.0,0.0,19.0,212.2951724137931,-0.293948275862069,1.0793275862068965,18.674137931034483,62630.83483468385,5.71826171875,late
247,HSV_1,p10191_ul7,p10191,296,33,12.0,14,14.0,17.0,12.0,6.0,5.0,5.0,34,6,7.0,22,8.0,23,24,15,23,6.0,0.0,10.0,212.60304054054052,-0.037939189189189204,1.0581756756756757,20.554054054054053,33037.51083468366,6.93505859375,late
248,HSV_1,p06487_us7,p06487,390,43,10.0,12,12.0,7.0,24.0,8.0,15.0,5.0,34,6,8.0,51,13.0,27,32,36,32,3.0,0.0,12.0,212.34,-0.6713333333333333,1.035897435897436,18.623076923076923,41343.288584683694,8.64404296875,late
249,HSV_1,p10187_q1xbw5_ul3,q1xbw5,235,20,4.0,13,9.0,10.0,18.0,7.0,7.0,8.0,16,6,4.0,19,6.0,23,26,16,17,2.0,0.0,4.0,213.2008510638298,-0.8486808510638297,1.0423404255319149,18.238297872340425,25622.963544683673,10.10009765625,late
250,HSV_1,p10202_ul18,p10202,318,32,4.0,19,11.0,8.0,22.0,4.0,15.0,0.0,48,5,10.0,27,11.0,27,17,19,31,1.0,0.0,7.0,212.28270440251575,-0.06795597484276733,1.0760062893081759,18.9748427672956,34249.29039468372,5.75927734375,late
251,HSV_1,p10188_ul4,p10188,199,25,4.0,9,11.0,5.0,15.0,5.0,12.0,2.0,16,3,2.0,15,7.0,14,14,16,13,3.0,0.0,8.0,212.25527638190948,-0.3552763819095478,1.0642713567839195,18.613065326633166,21503.85765468369,5.63623046875,late
252,HSV_1,p08353_p36313_p37318_p37319_rl1,p08353,263,49,2.0,9,11.0,3.0,17.0,6.0,1.0,0.0,15,1,3.0,54,3.0,39,17,16,13,4.0,0.0,0.0,214.3079847908745,-1.5832319391634984,0.9860076045627376,17.950570342205324,27516.478064683684,12.32177734375,late
253,HSV_1,p10186_ul2,p10186,334,36,8.0,17,13.0,10.0,23.0,10.0,8.0,7.0,27,5,10.0,40,6.0,33,27,20,22,7.0,0.0,5.0,213.27185628742512,-0.880748502994012,1.024311377245509,19.15868263473054,36305.43080468369,9.56005859375,early
254,HSV_1,p10215_ul31,p10215,306,29,9.0,15,12.0,15.0,25.0,11.0,13.0,6.0,34,6,5.0,22,10.0,28,17,17,18,1.0,0.0,13.0,212.98888888888888,-0.3015032679738562,1.0626143790849671,19.95751633986928,33931.340124683695,8.58935546875,late
255,HSV_1,p10225_q82171_ul41,p10225,489,42,11.0,30,24.0,15.0,24.0,16.0,26.0,14.0,48,9,12.0,40,13.0,41,32,38,28,6.0,0.0,20.0,213.2568507157464,-0.4558691206543967,1.045562372188139,18.914110429447852,54882.926024683824,7.39990234375,late
256,HSV_1,p09855_p10205_ul21,p10205,535,60,6.0,31,23.0,19.0,46.0,11.0,17.0,6.0,56,4,11.0,39,16.0,49,39,26,55,3.0,0.0,18.0,212.47177570093456,-0.3865046728971962,1.0699439252336447,18.95140186915888,57605.96088468381,7.58447265625,late
257,HSV_1,p08314_p10230_ul46,p10230,718,91,10.0,40,33.0,12.0,51.0,19.0,15.0,11.0,72,12,20.0,70,17.0,73,48,50,39,12.0,0.0,23.0,213.20194986072423,-0.7680779944289694,1.0406545961002787,18.824512534818943,78192.7673046841,8.99951171875,late
258,HSV_1,p04292_p04293_p07917_p09854_ul30,p04292,1235,138,21.0,69,79.0,60.0,102.0,33.0,54.0,52.0,121,22,29.0,78,31.0,94,53,60,82,9.0,0.0,48.0,212.7920647773279,-0.3634655870445344,1.064412955465587,19.437246963562753,136433.92716468457,6.98291015625,early
259,HSV_1,p10200_ul16,p10200,373,39,20.0,18,15.0,13.0,24.0,7.0,12.0,4.0,42,3,7.0,44,8.0,32,22,25,25,8.0,0.0,5.0,212.60750670241285,-0.3600268096514746,1.0320911528150134,20.95710455764075,40416.506864683746,7.46142578125,late
260,HSV_1,p10190_ul6,p10190,676,74,9.0,42,34.0,22.0,67.0,17.0,25.0,14.0,64,5,19.0,36,27.0,73,38,37,46,9.0,0.0,18.0,213.12973372781067,-0.6005325443786982,1.0636242603550297,18.974852071005916,74046.03610468414,9.17041015625,late
261,HSV_1,p17586_p23210_p32888_ul38,p32888,465,57,12.0,23,20.0,14.0,44.0,13.0,9.0,3.0,51,8,10.0,42,16.0,49,18,34,28,7.0,0.0,7.0,213.03118279569892,-0.5815483870967744,1.0513978494623655,19.69462365591398,50231.67625468376,8.59619140625,late
262,HSV_1,p06480_us5,p06480,92,11,3.0,2,1.0,1.0,11.0,5.0,0.0,0.0,15,2,1.0,9,0.0,6,4,5,12,2.0,0.0,2.0,211.61739130434785,-0.058804347826087,1.0854347826086954,21.934782608695652,9550.0808646837,9.04736328125,late
263,HSV_1,p06481_us9,p06481,90,8,2.0,4,4.0,2.0,5.0,0.0,1.0,0.0,11,5,2.0,4,2.0,12,12,3,9,1.0,0.0,3.0,213.29555555555555,-0.09677777777777781,1.0753333333333333,18.7,10020.099004683689,9.97705078125,late
264,HSV_1,p03178_p68331_p68332_p68333_q07005_ul53,p68331,338,31,13.0,5,8.0,14.0,23.0,10.0,20.0,6.0,41,8,12.0,17,10.0,24,13,22,40,6.0,0.0,15.0,212.3899408284024,0.4019230769230769,1.098491124260355,20.715976331360945,37547.86970468369,9.55322265625,late
265,HSV_1,p06477_p08356_q9dhd5_ul22,p06477,838,106,8.0,40,32.0,37.0,63.0,21.0,20.0,7.0,104,9,21.0,73,25.0,61,51,60,65,15.0,0.0,20.0,212.24821002386633,-0.27620525059665874,1.0698806682577564,19.533412887828163,90309.81350468419,6.62060546875,late
266,HSV_1,p06482_p10229_p28987_ul45,p06482,172,23,5.0,5,6.0,4.0,19.0,3.0,9.0,1.0,14,2,2.0,16,5.0,14,13,6,15,6.0,0.0,4.0,211.97151162790698,-0.31447674418604654,1.0652325581395348,20.343023255813954,18189.36397468368,8.65771484375,late
267,HSV_1,p10221_ul37,p10221,1123,149,14.0,54,60.0,33.0,74.0,28.0,30.0,11.0,145,23,16.0,96,47.0,81,72,71,87,12.0,0.0,20.0,212.29456812110416,-0.303686553873553,1.0663490650044523,18.88512911843277,120480.41659468456,5.65673828125,late
268,HSV_1,p04295_ul15,p04295,735,80,10.0,37,32.0,49.0,48.0,25.0,28.0,24.0,73,13,24.0,34,27.0,50,45,54,61,2.0,0.0,19.0,212.54625850340136,-0.2242993197278912,1.081469387755102,18.68027210884354,80871.59360468415,8.15185546875,late
269,HSV_1,p10189_ul5,p10189,882,84,11.0,38,56.0,49.0,56.0,22.0,34.0,21.0,98,18,34.0,41,40.0,65,54,58,64,7.0,0.0,32.0,212.75873015873015,-0.17740362811791385,1.0753741496598639,18.843537414965986,98653.29958468424,6.28564453125,early
270,HSV_1,p04290_ul13,p04290,518,50,10.0,15,18.0,19.0,32.0,23.0,19.0,15.0,66,6,22.0,34,18.0,47,44,30,33,3.0,0.0,14.0,213.26023166023165,-0.48737451737451737,1.0626640926640927,19.14864864864865,57161.04927468381,10.51708984375,late
271,HSV_1,dbp_icp8_p04296_p17469_p17470_ul29,p04296,1196,158,22.0,57,67.0,63.0,109.0,27.0,32.0,33.0,118,29,47.0,68,37.0,77,70,62,85,8.0,0.0,27.0,212.03812709030097,-0.3731605351170568,1.0738377926421405,18.993311036789297,128268.53748468455,6.03955078125,early
272,HSV_1,p04294_ul12,p04294,626,72,10.0,40,29.0,20.0,44.0,19.0,19.0,12.0,55,9,11.0,75,14.0,53,52,36,36,10.0,0.0,10.0,212.8546325878594,-0.8486102236421725,1.0283546325878594,18.776357827476037,67466.1225746839,6.56591796875,early
273,HSV_1,p06474_p10224_ul40,p06474,340,37,7.0,19,22.0,19.0,14.0,12.0,23.0,8.0,37,4,15.0,18,9.0,19,27,15,19,2.0,0.0,14.0,212.3932352941176,-0.10061764705882353,1.070176470588235,18.685294117647057,37942.136174683736,5.10302734375,early
274,HSV_1,p06490_p10212_p12835_ul28,p10212,785,100,17.0,47,49.0,30.0,69.0,24.0,23.0,9.0,91,10,13.0,46,29.0,76,37,40,50,5.0,0.0,20.0,212.81859872611463,-0.38095541401273886,1.0671847133757961,19.371974522292994,85524.56433468418,6.12158203125,late
275,HSV_1,icp22_p04485_us1,p04485,420,37,12.0,35,29.0,10.0,25.0,5.0,9.0,8.0,32,8,6.0,37,10.0,53,45,29,18,6.0,0.0,6.0,213.76785714285714,-0.9902380952380951,1.014190476190476,18.31904761904762,46495.78275468377,6.01904296875,immediate-early
276,HSV_1,p10201_ul17,p10201,703,110,15.0,31,29.0,21.0,64.0,18.0,22.0,6.0,71,8,13.0,57,21.0,66,41,28,57,8.0,0.0,17.0,212.43229018492173,-0.422972972972973,1.0685917496443813,19.344238975817923,74535.61003468408,8.65771484375,late
277,HSV_1,p10227_ul43,p10227,417,64,8.0,15,10.0,15.0,55.0,9.0,7.0,3.0,51,5,4.0,43,9.0,30,17,17,39,9.0,0.0,7.0,211.50311750599516,-0.29213429256594725,1.0775299760191848,20.995203836930454,42920.56965468377,9.06787109375,late
278,HSV_2,p06763_p08666_p24994_ul27,p06763,904,101,12.0,43,59.0,39.0,63.0,20.0,27.0,39.0,62,24,34.0,51,24.0,71,48,67,75,7.0,0.0,38.0,212.97820796460175,-0.524358407079646,1.0612721238938052,18.30862831858407,100123.45446468431,8.34326171875,late
279,HSV_2,p89438_ul15,p89438,734,77,10.0,36,32.0,51.0,48.0,23.0,31.0,22.0,72,13,25.0,37,28.0,51,45,52,60,2.0,0.0,19.0,212.56784741144412,-0.20444141689373296,1.0800953678474114,18.6866485013624,80921.64966468416,8.15185546875,late
280,HSV_2,p89460_ul37,p89460,1114,156,13.0,45,61.0,32.0,79.0,31.0,29.0,10.0,141,22,17.0,101,46.0,75,65,75,84,14.0,0.0,18.0,212.20278276481147,-0.33690305206463195,1.0661849192100539,18.938061041292638,118771.56190468461,5.80029296875,late
281,HSV_2,p89454_ul31,p89454,305,29,8.0,16,12.0,17.0,23.0,9.0,13.0,5.0,33,6,4.0,22,8.0,31,21,18,17,1.0,0.0,12.0,213.13803278688525,-0.28731147540983604,1.0625573770491803,19.724590163934426,33893.34223468369,8.95849609375,late
282,HSV_2,p89457_ul34,p89457,276,35,4.0,12,8.0,12.0,34.0,6.0,8.0,2.0,24,8,6.0,27,11.0,28,15,8,18,5.0,0.0,5.0,212.64782608695654,-0.6064130434782609,1.0590942028985508,19.605072463768117,29505.081984683693,10.55810546875,late
283,HSV_2,p89477_us9,p89477,89,11,2.0,4,4.0,2.0,5.0,0.0,1.0,0.0,11,2,1.0,5,3.0,12,10,2,10,1.0,0.0,3.0,213.18539325842696,-0.1349438202247191,1.0742696629213484,19.258426966292134,9775.11394468369,9.97705078125,late
284,HSV_2,p89462_ul39,p89462,1142,120,26.0,72,61.0,46.0,88.0,28.0,33.0,31.0,104,34,36.0,75,33.0,89,92,66,65,13.0,0.0,30.0,212.5938704028021,-0.5594570928196146,1.053029772329247,18.802977232924693,124843.66746468433,6.11474609375,early
285,HSV_2,p28276_ul54,p28276,512,63,12.0,35,32.0,10.0,48.0,13.0,20.0,10.0,39,10,9.0,47,10.0,56,37,27,22,4.0,0.0,8.0,213.1671875,-0.9545312500000002,1.0325390625000002,18.3671875,54924.474024683754,6.88720703125,immediate-early
286,HSV_2,p28282_ul56,p28282,235,32,6.0,13,9.0,6.0,25.0,4.0,6.0,0.0,11,4,1.0,26,5.0,26,20,12,20,4.0,0.0,5.0,212.63489361702122,-0.8631914893617021,1.038723404255319,18.846808510638297,24699.311634683676,8.43212890625,late
287,HSV_2,p14379_p89474_us1,p14379,197,17,1.0,19,12.0,2.0,14.0,3.0,5.0,4.0,12,2,3.0,24,7.0,25,25,10,7,3.0,0.0,2.0,213.87055837563452,-1.5481218274111672,0.992233502538071,17.14720812182741,21497.631244683693,5.91650390625,immediate-early
288,HSV_2,p89459_ul36,p89459,3122,539,25.0,170,173.0,84.0,213.0,70.0,52.0,44.0,338,38,37.0,362,108.0,261,161,164,205,32.0,0.0,46.0,212.55848814862264,-0.6768994234465087,1.046800128122998,18.61050608584241,329846.9872346835,6.01220703125,late
289,HSV_2,p14345_p60504_us12,p14345,86,8,4.0,8,6.0,1.0,2.0,2.0,1.0,2.0,6,2,2.0,7,3.0,12,6,8,4,1.0,0.0,1.0,214.62906976744188,-1.0396511627906977,1.0011627906976743,18.023255813953487,9778.737874683691,6.94189453125,immediate-early
290,HSV_2,p68335_p68336_ul48,p68336,490,49,6.0,43,30.0,22.0,31.0,9.0,11.0,3.0,61,19,12.0,40,12.0,44,32,24,22,4.0,0.0,16.0,212.8402040816326,-0.3565510204081633,1.0510204081632653,18.86122448979592,54585.90937468387,4.46044921875,immediate-early
291,HSV_2,icp8_p36384_p89452_ul29,p36384,1197,168,22.0,58,66.0,61.0,106.0,30.0,33.0,31.0,124,29,44.0,69,38.0,77,67,58,80,8.0,0.0,28.0,212.03709273182957,-0.34521303258145364,1.0751963241436926,19.04344193817878,128331.68398468454,6.01220703125,early
292,HSV_2,p89469_ul50,p89469,369,49,6.0,21,12.0,12.0,40.0,9.0,12.0,4.0,33,6,10.0,34,9.0,27,17,23,35,6.0,0.0,4.0,211.90975609756092,-0.5074796747967479,1.065718157181572,19.127371273712736,38594.820914683754,6.53173828125,early
293,HSV_2,p89441_ul18,p89441,318,35,5.0,19,13.0,7.0,19.0,4.0,15.0,0.0,48,6,9.0,26,12.0,26,15,19,32,1.0,0.0,7.0,212.261320754717,0.0124842767295597,1.0775471698113206,18.88679245283019,34322.269924683715,5.06884765625,late
294,HSV_2,p28284_rl2,p28284,825,141,12.0,40,32.0,8.0,98.0,13.0,12.0,6.0,36,10,11.0,109,21.0,70,102,43,46,9.0,0.0,6.0,211.79284848484846,-1.436557575757576,1.0233454545454546,17.60969696969697,81936.30844468417,7.89208984375,immediate-early
295,HSV_2,p28283_rl1,p28283,261,54,3.0,13,16.0,2.0,19.0,4.0,1.0,3.0,15,2,2.0,38,4.0,45,15,6,12,4.0,0.0,3.0,214.67279693486591,-1.387241379310345,1.0070498084291186,18.17624521072797,27891.534444683704,11.89111328125,immediate-early
296,HSV_2,p22486_p89461_ul38,p22486,466,64,14.0,21,23.0,14.0,38.0,13.0,8.0,4.0,47,7,7.0,39,14.0,51,20,34,33,7.0,0.0,8.0,213.14420600858367,-0.5110085836909871,1.0540557939914164,19.63304721030043,50436.801134683774,8.67138671875,late
297,HSV_2,p89468_ul49,p89468,300,52,3.0,19,12.0,5.0,23.0,7.0,1.0,8.0,18,4,5.0,37,5.0,39,21,20,14,2.0,0.0,5.0,213.75199999999998,-1.3741666666666668,1.0188666666666666,17.75,31771.219774683694,11.05029296875,late
298,HSV_2,mcp_p89442_ul19,p89442,1374,195,26.0,78,64.0,59.0,99.0,47.0,31.0,18.0,147,30,56.0,95,50.0,97,44,71,115,9.0,0.0,43.0,212.34970887918487,-0.2999854439592431,1.0715211062590975,18.986899563318776,149143.38087468472,5.93017578125,late
299,HSV_2,p89446_ul23,p89446,376,52,2.0,21,16.0,8.0,33.0,10.0,13.0,1.0,43,11,6.0,32,13.0,33,16,26,25,4.0,0.0,11.0,212.53882978723405,-0.3991755319148937,1.0704255319148936,18.56648936170213,40369.818464683754,6.39501953125,early
300,HSV_2,icp4_p90493_rs1,p90493,1318,284,14.0,103,60.0,22.0,135.0,19.0,8.0,11.0,100,14,12.0,157,18.0,144,78,36,66,18.0,0.0,19.0,212.44650986342944,-1.0560318664643398,1.038414264036419,18.552352048558422,135020.99348468523,6.21044921875,immediate-early
301,HSV_2,p28277_ul5,p28277,881,77,11.0,40,56.0,50.0,57.0,26.0,35.0,18.0,96,17,32.0,37,38.0,68,56,64,65,7.0,0.0,31.0,212.8586833144154,-0.18096481271282638,1.076288308740068,18.779795686719638,98822.25426468422,6.24462890625,early
302,HSV_2,p89439_ul16,p89439,372,55,16.0,19,16.0,12.0,25.0,11.0,10.0,3.0,37,4,5.0,40,7.0,34,20,20,23,9.0,0.0,6.0,212.705376344086,-0.431505376344086,1.0416397849462367,20.419354838709676,40094.22929468375,7.42724609375,late
303,HSV_2,p13293_us5,p13293,92,13,5.0,2,2.0,2.0,12.0,2.0,5.0,0.0,12,3,1.0,8,1.0,8,2,6,6,1.0,0.0,1.0,211.7467391304348,0.01336956521739125,1.0834782608695652,21.25,9503.9763646837,8.71240234375,late
304,HSV_2,p07918_p89453_ul30,p07918,1240,138,24.0,78,77.0,60.0,97.0,33.0,52.0,49.0,120,20,26.0,84,33.0,100,52,60,82,9.0,0.0,46.0,212.8958870967742,-0.395741935483871,1.0593064516129032,19.447580645161292,137269.1395746845,6.62744140625,early
305,HSV_2,p03172_q69467_us6,p03172,393,41,7.0,19,16.0,9.0,21.0,11.0,23.0,12.0,39,7,11.0,43,13.0,25,25,23,26,6.0,0.0,16.0,212.68117048346056,-0.477557251908397,1.0434605597964377,18.97201017811705,43192.33412468372,7.79638671875,late
306,HSV_2,p89429_ul6,p89429,678,80,10.0,40,37.0,19.0,63.0,18.0,23.0,14.0,63,9,16.0,36,29.0,81,30,39,44,9.0,0.0,18.0,213.53938053097346,-0.6058702064896755,1.06188790560472,18.876106194690266,74855.51901468418,9.73095703125,late
307,HSV_2,p89449_ul26,p89449,637,103,5.0,26,33.0,11.0,49.0,23.0,16.0,6.0,48,10,10.0,98,17.0,49,40,28,40,4.0,0.0,21.0,212.63610675039249,-1.039607535321821,1.0235164835164836,18.177394034536892,66899.04807468367,6.67529296875,late
308,HHV_7,mcp_p52347,p52347,1345,62,28.0,69,66.0,84.0,43.0,32.0,108.0,80.0,142,30,107.0,63,52.0,40,115,103,64,7.0,0.0,50.0,212.38342007434946,-0.21831970260223052,1.0608698884758363,18.258736059479553,152834.3216946839,6.10107421875,late
309,HHV_7,p52355_u42,p52355,526,22,13.0,35,41.0,29.0,17.0,11.0,30.0,41.0,47,13,32.0,21,36.0,33,30,33,19,2.0,0.0,21.0,213.67357414448668,-0.5878136882129277,1.0353992395437261,18.309885931558934,61714.77452468386,6.61376953125,immediate-early
310,VZV,orf18_p09247_q4jqv7,q4jqv7,306,20,8.0,21,19.0,22.0,5.0,8.0,27.0,11.0,28,4,20.0,12,14.0,14,23,13,21,2.0,0.0,14.0,212.5754901960784,0.060196078431372556,1.06640522875817,18.352941176470587,35374.680414683724,4.65185546875,early
311,VZV,orf50_p09298_q77np2,q77np2,435,41,5.0,12,17.0,15.0,26.0,11.0,20.0,10.0,54,14,13.0,15,11.0,28,31,35,43,8.0,0.0,26.0,212.35862068965517,0.24347126436781608,1.10183908045977,19.47586206896552,48640.30372468381,9.27294921875,late
312,VZV,orf63_p09255_q77nn7,p09255,278,20,10.0,27,25.0,7.0,26.0,6.0,9.0,5.0,16,4,5.0,23,7.0,28,23,16,13,3.0,0.0,5.0,213.10000000000002,-1.0774100719424462,1.0098201438848922,18.53956834532374,30476.378094683674,4.46044921875,immediate-early
313,VZV,mcp_p09245,p09245,1396,125,28.0,84,55.0,63.0,89.0,48.0,79.0,21.0,135,42,58.0,90,59.0,97,69,110,90,6.0,0.0,48.0,212.63954154727793,-0.28249283667621783,1.0665186246418337,18.320200573065904,154880.87277468442,6.13525390625,late
314,VZV,orf2_p09267_q4jqx3,q4jqx3,238,16,7.0,5,13.0,5.0,22.0,7.0,13.0,6.0,28,9,8.0,14,5.0,19,14,30,10,2.0,0.0,5.0,212.8453781512605,-0.3798739495798319,1.0654201680672268,19.025210084033613,25967.298454683674,9.05419921875,early
315,VZV,orf10_p09265_q4jqw5,p09265,410,26,8.0,20,26.0,16.0,16.0,13.0,16.0,16.0,47,5,12.0,33,16.0,29,33,28,28,5.0,0.0,17.0,213.24878048780485,-0.44151219512195117,1.0412439024390243,19.26341463414634,46545.82280468377,6.92822265625,late
316,VZV,orf4_p09269_q4jqx1,p09269,452,28,10.0,29,32.0,11.0,24.0,12.0,25.0,16.0,37,8,18.0,20,9.0,49,39,36,26,5.0,0.0,18.0,213.87566371681413,-0.612433628318584,1.0448672566371682,18.13938053097345,51510.9055046838,7.98779296875,immediate-early
317,VZV,orf49_p09297_q77np3,p09297,81,3,5.0,6,6.0,4.0,7.0,1.0,2.0,7.0,3,1,4.0,3,2.0,6,10,5,5,0.0,0.0,1.0,212.8222222222222,-1.1887654320987657,1.0119753086419754,19.037037037037038,8902.2112046837,7.58447265625,late
318,VZV,dbp_orf29_p09246_q4jqu6,p09246,1204,103,24.0,60,63.0,63.0,93.0,34.0,60.0,31.0,114,25,51.0,69,39.0,79,76,102,80,8.0,0.0,30.0,212.44908637873752,-0.3571760797342193,1.066810631229236,18.638704318936878,132056.6510246845,6.23779296875,early
319,VZV,orf9_p09272_q4jqw6,q4jqw6,302,35,3.0,20,17.0,6.0,20.0,5.0,8.0,15.0,14,4,15.0,21,8.0,30,30,21,20,2.0,0.0,8.0,213.33973509933773,-1.222119205298013,1.0308278145695364,16.923841059602648,32796.419194683665,9.72412109375,late
320,VZV,orf47_p09296_q6yp73,p09296,510,30,10.0,29,19.0,19.0,29.0,24.0,35.0,12.0,63,6,23.0,35,18.0,38,37,35,27,4.0,0.0,17.0,213.0856862745098,-0.3762941176470589,1.056549019607843,18.919607843137253,57314.58798468386,7.68017578125,late
321,VZV,orf11_p09263_q4jqw4,p09263,819,76,12.0,55,88.0,26.0,50.0,22.0,47.0,13.0,81,22,29.0,38,24.0,47,56,48,39,10.0,0.0,36.0,212.44945054945052,-0.2825641025641026,1.0583394383394382,18.123321123321123,91772.434674684,4.15966796875,immediate-early
322,VZV,orf62_orf71_p09310_q8azm1,p09310,1310,143,12.0,87,72.0,30.0,120.0,25.0,30.0,35.0,97,14,21.0,148,40.0,127,120,61,90,18.0,0.0,20.0,212.95603053435113,-1.1058320610687022,1.0241374045801526,18.36412213740458,139912.00150468506,7.75537109375,immediate-early
