,protein_group,protein,length,M count_all_viruses,D count_all_viruses,R count_all_viruses,K count_all_viruses,T count_all_viruses,L count_all_viruses,S count_all_viruses,E count_all_viruses,P count_all_viruses,A count_all_viruses,Y count_all_viruses,I count_all_viruses,Q count_all_viruses,V count_all_viruses,N count_all_viruses,F count_all_viruses,H count_all_viruses,C count_all_viruses,G count_all_viruses,W count_all_viruses,average basicity,average hydrophobicity,average helicity,average mutation stability,mass,pI,label
0,f5hc97_p16790_ul44,p16790,433,8,24,18,31,30,40,38,18,19,18,10,16.0,12,25,26,19,12,8,60,1.0,211.81177829099306,-0.9389376443418014,1.0560508083140878,19.196304849884527,46204.14655468393,8.68505859375,early
1,f5hgq8_ul138,f5hgq8,169,5,10,16,2,9,18,18,9,8,11,9,7.0,4,16,3,5,5,4,7,3.0,213.18284023668636,-0.06751479289940826,1.0664497041420118,19.159763313609467,19296.70000468369,6.57958984375,immediate-early
2,f5hi87_p13200_ul99,p13200,190,2,18,13,19,11,10,21,13,21,8,2,5.0,10,6,4,3,6,5,13,0.0,213.61842105263153,-1.8786315789473687,0.9705789473684209,17.75263157894737,20910.289914683675,7.63232421875,late
3,p06725_p18139_q6sw59_ul83,p06725,561,16,28,36,22,37,41,41,33,38,38,15,25.0,31,44,18,19,24,10,36,9.0,213.0680926916221,-0.6538324420677362,1.0450089126559714,18.254901960784313,62858.42827468384,6.79833984375,immediate-early
4,p06434_p06435_p19893_q6sw29_q6swp7_ul122,p19893,580,17,27,28,36,47,43,64,42,53,39,6,26.0,22,31,25,14,14,13,32,1.0,212.65862068965518,-1.0593620689655174,1.019206896551724,17.28448275862069,62835.3299646838,6.29248046875,immediate-early
5,f5hgt1_mcp_p16729_ul86,p16729,1370,36,66,82,45,121,152,70,78,79,118,51,58.0,43,103,62,63,50,25,60,8.0,212.82175182481754,-0.21316788321167882,1.0666058394160585,18.616788321167885,153774.20730468442,6.30615234375,late
6,f5hf62_p69332_p69333_us28,p69332,354,8,15,22,9,24,44,30,13,13,20,18,27.0,9,32,7,27,7,15,7,7.0,212.52881355932206,0.7111016949152543,1.0919209039548021,20.807909604519775,41037.13234468375,7.59814453125,latent
7,f5hcm1_p03169_p13202_ul123,p03169,491,26,28,22,36,29,35,38,63,27,36,11,24.0,16,33,14,13,7,14,18,1.0,212.877800407332,-0.5664154786150714,1.0321995926680243,17.374745417515275,55142.85206468371,4.50146484375,immediate-early
8,p08546_q6sw77_ul54,p08546,1242,23,70,92,43,58,94,102,66,72,88,53,48.0,39,126,40,60,24,32,104,8.0,212.49001610305962,-0.41245571658615143,1.0592028985507247,19.179549114331724,137014.71420468477,6.92138671875,early
9,b9vxk4_f5hc16_p16812_ul34,b9vxk4,407,5,23,32,15,21,42,28,35,29,39,7,13.0,16,23,14,12,21,12,19,1.0,213.44840294840296,-0.7811547911547911,1.031007371007371,18.44226044226044,45329.69235468374,6.01220703125,late
10,p09727_q6svz5_q8uzk5_us11,p09727,215,7,8,16,4,11,30,14,16,19,11,14,4.0,7,21,2,7,3,5,7,9.0,213.22186046511624,0.2334418604651162,1.051953488372093,21.488372093023255,25247.81485468371,5.29443359375,immediate-early
11,p08318_q6sw99_ul32,p08318,1048,12,60,72,51,84,78,118,54,96,100,15,25.0,45,76,33,28,18,7,65,11.0,212.68616412213737,-1.073425572519084,1.0303148854961832,17.508587786259543,112619.26378468507,9.01318359375,late
12,f5hb40_p16727_p29839_ul84,p16727,586,8,36,57,19,52,79,45,37,44,40,9,17.0,18,31,17,16,19,9,30,3.0,213.63174061433443,-0.6626109215017066,1.0402047781569965,18.633105802047783,65387.897194683945,7.90576171875,early
13,p16782_q6sw87_ul45,p16782,906,23,47,77,27,34,86,77,64,45,76,24,23.0,21,85,21,43,21,35,57,20.0,212.88002207505517,-0.1769315673289183,1.057991169977925,20.13355408388521,101602.50398468434,6.31982421875,late
14,b9vxd7_f5heu0_p09712_us3,b9vxd7,186,7,10,14,5,7,21,14,7,7,8,8,8.0,7,23,5,9,8,2,11,5.0,213.08064516129025,0.14080645161290314,1.0861290322580646,19.741935483870968,21501.080724683703,8.69189453125,immediate-early
15,c0h677_p16764_q6swa3_ul29,c0h677,701,9,34,70,18,25,74,55,39,34,60,28,21.0,16,54,10,41,25,22,55,11.0,213.21911554921536,-0.2020970042796006,1.0660485021398003,20.621968616262482,79002.06512468419,8.44580078125,early
16,f5hac7_p16800_ul94,p16800,345,10,21,20,13,21,33,22,16,18,19,13,14.0,11,24,6,12,11,26,29,6.0,212.18086956521736,-0.18472463768115943,1.0468115942028984,21.52463768115942,38355.40401468375,6.23095703125,late
17,p16778_q6sw94_ul37,p16778,487,8,16,48,16,44,54,33,37,14,29,12,13.0,13,35,27,16,19,13,26,14.0,213.90061601642708,-0.36061601642710484,1.0580903490759752,19.525667351129364,56089.39233468388,8.73291015625,immediate-early
18,irs1_p09715_q6sw04,p09715,846,18,43,74,18,47,80,43,40,100,111,17,11.0,35,46,13,15,28,14,76,17.0,212.97234042553188,-0.9259338061465721,1.0303191489361703,19.29432624113475,90991.07112468417,8.38427734375,early
19,d5lx59_p16785_q6sw84_ul48,d5lx59,2242,42,122,173,71,156,293,114,145,127,186,58,62.0,183,148,53,72,78,29,113,17.0,213.29821587867974,-0.44731935771632475,1.055869759143622,18.646297948260482,253207.29485468243,6.40185546875,late
20,f5hdc7_p09722_us22,f5hdc7,576,14,42,46,17,39,60,24,36,42,43,22,13.0,24,32,18,20,13,18,42,11.0,213.03246527777776,-0.49909722222222225,1.0385069444444444,19.947916666666668,65005.91801468394,5.27392578125,early
21,f5hg68_p16757_ul16,p16757,230,4,10,21,5,20,29,19,12,9,10,8,14.0,6,18,9,7,5,8,12,4.0,213.15391304347824,-0.0020000000000000347,1.069,19.68695652173913,26130.471374683693,8.15869140625,late
22,p16730_q6sw55_ul87,p16730,941,13,33,89,30,51,106,72,50,45,77,31,26.0,23,87,34,34,39,32,63,6.0,213.27566418703503,-0.3605419766206163,1.0631030818278426,19.725823591923486,104736.9356846844,9.28662109375,late
23,f5hb53_p06473_p13201_ul55,p06473,906,17,45,53,39,71,70,87,49,30,62,51,48.0,37,71,52,34,20,16,46,8.0,212.59845474613684,-0.40671081677704196,1.0645916114790286,18.003311258278146,101939.79454468416,6.83251953125,late
24,f5hc71_p17150_ul111a,p17150,175,5,11,14,11,12,22,17,12,7,6,6,5.0,5,13,2,5,4,5,10,3.0,213.31428571428566,-0.34708571428571444,1.0507428571428572,19.994285714285713,19994.183044683683,7.98095703125,latent
25,f5ha93_p16783_ul46,p16783,290,5,15,26,10,20,39,16,17,11,23,13,14.0,7,24,6,10,8,7,15,4.0,213.24724137931034,0.06127586206896553,1.0781379310344827,19.97241379310345,33006.26637468369,8.24755859375,late
26,p09695_q6svx2_trs1,p09695,788,17,33,67,16,48,82,35,37,73,115,19,10.0,27,49,16,14,21,13,80,16.0,212.57563451776647,-0.6813578680203046,1.0537563451776648,19.568527918781726,83928.84379468404,8.95166015625,immediate-early
27,f5hfj7_p09728_us10,f5hfj7,185,3,4,13,4,14,26,9,11,12,14,12,8.0,3,10,6,5,4,8,15,4.0,212.53027027027025,0.044432432432432445,1.0652432432432433,21.675675675675677,20757.536774683696,7.70751953125,late
28,f5ham0_q68396_ul144,q68396,176,3,2,7,8,19,16,9,3,7,6,7,12.0,13,14,10,5,7,16,11,1.0,212.20397727272723,-0.1488068181818182,1.0548863636363637,20.806818181818183,19610.729704683694,8.37744140625,latent
29,f5het1_p16751_ul78,f5het1,431,16,20,23,8,32,51,40,18,12,44,16,20.0,7,46,6,23,7,12,23,7.0,211.62134570765662,0.4664733178654291,1.1058004640371228,19.647331786542924,47326.062824683766,5.41748046875,early
30,f5hgc2_p16765_ul30,f5hgc2,121,4,7,14,3,10,9,8,7,6,4,1,2.0,7,11,2,8,5,5,7,1.0,214.2057851239669,-0.4977685950413224,1.0418181818181818,19.15702479338843,13976.911424683693,8.33642578125,immediate-early
31,p09714_q6sw03_us1,p09714,156,3,11,17,3,3,9,23,9,7,15,1,0.0,9,9,2,1,8,5,10,11.0,213.7435897435897,-0.9838461538461538,1.0228846153846154,19.775641025641026,17754.34242468369,7.20166015625,early
32,p14334_p60528_q6sw00_us6,p14334,183,3,12,19,7,12,27,11,5,10,10,3,7.0,6,8,6,5,6,13,11,2.0,213.44043715847,-0.2945901639344263,1.0417486338797814,21.415300546448087,20625.491294683692,8.50048828125,early
33,f5hgg3_p16762_ul26,f5hgg3,222,4,14,28,3,10,24,12,13,9,22,8,7.0,7,19,5,7,6,3,19,2.0,213.62567567567564,-0.3511261261261262,1.0726126126126125,19.045045045045047,24851.834994683682,9.17724609375,early
34,d5lx53_f5hhz3_p16815_ul42,d5lx53,122,8,9,5,1,14,7,8,3,20,8,4,4.0,1,8,3,5,3,3,6,2.0,212.17049180327868,-0.6349180327868853,1.0135245901639345,18.270491803278688,13346.32742468368,4.30322265625,early
35,f5hg98_p16779_ul38,f5hg98,331,13,16,21,10,17,29,30,21,25,34,8,12.0,14,33,5,11,10,3,13,6.0,212.7513595166163,-0.3246525679758309,1.0588217522658612,17.993957703927492,36729.65689468367,5.91650390625,early
